seed_idx,seed,trial,trial_seed,train_rmse,train_mae,train_mape,train_pi_coverage,test_rmse,test_mae,test_mape,test_pi_coverage
0,42,0,42,273.61861258513056,220.21220607383577,5.78354788967855,94.11764705882352,1400.2295248888186,1227.6374918619792,20.07387539509374,58.333333333333336
0,42,1,43,289.9916297683435,237.95483877144608,6.2517538070579315,98.0392156862745,1233.9858427223799,1043.2722574869792,16.916848397246927,66.66666666666666
0,42,2,44,329.3222241866073,273.5193062576593,7.123079440865113,94.11764705882352,1368.8523617573637,1213.3447265625,19.907383315351378,58.333333333333336
0,42,3,45,343.38914933520664,275.5449458103554,7.256880979280002,96.07843137254902,1287.1675598972465,1106.151123046875,17.998622715285048,58.333333333333336
0,42,4,46,289.15073262392366,232.95311063878677,6.1108313292654355,94.11764705882352,1335.7381126152304,1160.3666585286458,18.922776491545346,58.333333333333336
1,1042,0,1042,286.1729550862361,236.1284849877451,6.1032394570838,96.07843137254902,1403.6940607054078,1248.4993489583333,20.501216219591832,58.333333333333336
1,1042,1,1043,306.19685374487113,252.3233331418505,6.61409231832996,96.07843137254902,1302.9190152719198,1117.9081217447917,18.17798094564359,58.333333333333336
1,1042,2,1044,246.7013841951319,194.3809263939951,5.128767356754027,94.11764705882352,1030.8543861663934,775.6875,12.294004697100892,91.66666666666666
1,1042,3,1045,291.801144471874,236.87454522824754,6.191377778352175,94.11764705882352,1330.463048574074,1156.6546223958333,18.871804294553783,58.333333333333336
1,1042,4,1046,276.12639487725886,222.05582682291666,5.832979773110562,98.0392156862745,1243.708316437218,1052.1469319661458,17.056949697719336,58.333333333333336
2,2042,0,2042,274.5770062434372,212.16243489583334,5.540642245653273,94.11764705882352,1264.2182220214759,1059.7547200520833,17.174326188662878,75.0
2,2042,1,2043,284.82955396845654,232.4338809742647,6.095350742626819,96.07843137254902,1214.2574228566755,1017.9448649088541,16.46650112706509,58.333333333333336
2,2042,2,2044,290.1653432105648,234.10229970894608,6.114920810556212,96.07843137254902,1334.5138211868787,1164.0407307942708,19.012121560424053,58.333333333333336
2,2042,3,2045,291.6789840919714,238.16876340379903,6.241363591257977,96.07843137254902,1298.6211729914316,1120.5478515625,18.253527467335353,58.333333333333336
2,2042,4,2046,288.80927637486604,233.91100834865196,6.123521512926387,96.07843137254902,1294.3771363045869,1114.5545654296875,18.13901115101886,58.333333333333336
3,3042,0,3042,300.2020444441978,246.51360964307597,6.469099550307216,98.0392156862745,1282.1702894715324,1102.465576171875,17.949441816491866,58.333333333333336
3,3042,1,3043,294.71585644572474,238.83243336397058,6.247948808740243,94.11764705882352,1333.6102116360512,1160.7470296223958,18.947457761059,58.333333333333336
3,3042,2,3044,283.61719720292814,228.95104741115196,6.067989264182724,98.0392156862745,1090.6326415774697,860.72216796875,13.761150847201497,75.0
3,3042,3,3045,295.9320097914058,240.69999904258577,6.332561672083754,94.11764705882352,1111.8671242898702,889.91748046875,14.266219654862322,75.0
3,3042,4,3046,250.26941368754228,210.67568072150735,5.606872610394919,98.0392156862745,958.3444300512608,679.51904296875,10.673824025909944,91.66666666666666
4,4042,0,4042,228.34297469578237,180.5717342601103,4.752177877936864,96.07843137254902,1371.436861430958,1172.4000244140625,19.006356908439404,58.333333333333336
4,4042,1,4043,379.44619366411774,282.67082184436276,7.332855157514519,96.07843137254902,1350.3277092466215,1175.704345703125,19.193955766534543,58.333333333333336
4,4042,2,4044,294.18128012607946,238.90267405790442,6.250673416856413,94.11764705882352,1351.6890485673498,1183.8487548828125,19.356532861086805,58.333333333333336
4,4042,3,4045,304.3076334102221,247.21935795802696,6.476261501719321,98.0392156862745,1299.682417041656,1124.982666015625,18.344897997271,58.333333333333336
4,4042,4,4046,267.7666785148032,214.10660328584558,5.605200909534774,94.11764705882352,1314.4018688856863,1113.8343098958333,18.05209449125171,75.0
5,5042,0,5042,306.26310436572027,245.92679610906862,6.4400943409658975,94.11764705882352,1305.8241355135954,1119.417724609375,18.188113122673087,58.333333333333336
5,5042,1,5043,282.615370836193,228.54233685661765,6.002896937746233,94.11764705882352,1413.7452505834024,1248.4892171223958,20.448300646719893,58.333333333333336
5,5042,2,5044,222.48901718217226,174.84505208333334,4.61571653809002,96.07843137254902,1081.5779106284235,841.2202962239584,13.396834652954634,83.33333333333334
5,5042,3,5045,275.20050761971964,227.62684780943627,5.922717097206679,96.07843137254902,1375.596356977484,1209.6286214192708,19.792463610421503,58.333333333333336
5,5042,4,5046,280.81004574075365,229.6957337622549,5.959379690528584,98.0392156862745,1382.8940994031918,1227.1559651692708,20.140400422767215,58.333333333333336
6,6042,0,6042,287.1373347225107,230.5734193091299,6.068852168194145,98.0392156862745,1211.164020409712,1010.8787434895834,16.338505428116452,66.66666666666666
6,6042,1,6043,287.1525783087374,232.5497137331495,6.08112746675489,94.11764705882352,1346.9910604860675,1174.6319986979167,19.178251829671378,58.333333333333336
6,6042,2,6044,271.6111765766432,214.60617244944854,5.611173523252367,94.11764705882352,1278.568763441113,1093.8000895182292,17.780731339177834,58.333333333333336
6,6042,3,6045,347.06334381489086,292.3339652267157,7.597543021158305,98.0392156862745,1380.77468955668,1227.9961751302083,20.1749645772629,58.333333333333336
6,6042,4,6046,280.3402603262024,225.13448318780638,5.895364746565061,94.11764705882352,1311.3698062422611,1131.8489990234375,18.43384322466955,58.333333333333336
7,7042,0,7042,277.70731298030745,224.0236385569853,5.890036577873472,98.0392156862745,1284.4806800645151,1099.8468017578125,17.87561422103242,58.333333333333336
7,7042,1,7043,299.1167931783786,237.4916752833946,6.25507894130511,92.15686274509804,1157.9228641733855,946.4910074869791,15.234316031168897,75.0
7,7042,2,7044,304.32751803052184,247.05453910079657,6.463388671990687,96.07843137254902,1271.273839083295,1090.6182047526042,17.743918365582587,58.333333333333336
7,7042,3,7045,280.6132933190671,227.41222426470588,5.952764070214649,96.07843137254902,1389.1376463088432,1229.7996826171875,20.170502308401616,58.333333333333336
7,7042,4,7046,299.5783928395251,244.21443206188727,6.404155812265606,98.0392156862745,1226.3166555054097,1035.326171875,16.78145027713226,58.333333333333336
8,8042,0,8042,314.87393310820573,256.9125306372549,6.719844531084034,94.11764705882352,1373.1815185987757,1211.4892171223958,19.850236506603615,58.333333333333336
8,8042,1,8043,297.34760016144963,243.06717696844362,6.373867202223686,98.0392156862745,1271.6575504069751,1090.36181640625,17.73863146865937,58.333333333333336
8,8042,2,8044,305.7549716761912,252.8096804151348,6.633943074320175,98.0392156862745,1341.198597406255,1169.1099446614583,19.094166918361733,58.333333333333336
8,8042,3,8045,301.75775550661746,246.80660232843138,6.4670379252443535,96.07843137254902,1312.8502429652515,1139.4292399088542,18.590884366055068,58.333333333333336
8,8042,4,8046,281.83483286223714,223.50793696384804,5.867100618718883,94.11764705882352,1286.4813347424313,1089.0576578776042,17.647026522899015,58.333333333333336
9,9042,0,9042,286.1831016044003,232.42696844362746,6.097634444348423,96.07843137254902,1224.8976682410484,1032.5031331380208,16.731527213068397,58.333333333333336
9,9042,1,9043,322.7829600432417,259.0743049172794,6.819979666304573,92.15686274509804,1443.3488035376477,1290.9213460286458,21.224428216546855,58.333333333333336
9,9042,2,9044,301.7187993146236,245.52490713082108,6.451755817660409,98.0392156862745,1191.6774228792437,1040.87158203125,17.015851984104216,58.333333333333336
9,9042,3,9045,315.8274483134948,254.42222445618873,6.653228512904564,98.0392156862745,1301.3490068785698,1130.1337076822917,18.45091099310981,58.333333333333336
9,9042,4,9046,295.29772653223813,239.88593367034315,6.281824073863743,94.11764705882352,1346.6925981834984,1176.0372721354167,19.214817612896887,58.333333333333336
10,10042,0,10042,279.59820397021076,228.58861347273285,5.9314463736208065,96.07843137254902,1351.7234078031267,1185.5724283854167,19.394032926643355,58.333333333333336
10,10042,1,10043,328.38077975182,270.6683229932598,7.101312263493656,98.0392156862745,1301.605525758897,1132.3814290364583,18.497814368024144,58.333333333333336
10,10042,2,10044,265.77690360743424,215.88085458792892,5.633029747999052,94.11764705882352,1174.1179085964716,969.0137125651041,15.630237964724767,75.0
10,10042,3,10045,301.0070309272315,246.22752470128677,6.459633625624947,98.0392156862745,1287.7502005184026,1108.943603515625,18.061419051502313,58.333333333333336
10,10042,4,10046,300.35910209282633,241.750732421875,6.326580503722333,96.07843137254902,1293.9499685311862,1116.781982421875,18.19729108658977,58.333333333333336
11,11042,0,11042,255.9190834712165,197.64542164522058,5.189834381424747,94.11764705882352,1329.2577699399772,1141.2335205078125,18.536429371158192,58.333333333333336
11,11042,1,11043,312.06831873023475,254.68444584865196,6.675993027871212,94.11764705882352,1336.813555245513,1167.131103515625,19.085468687523477,58.333333333333336
11,11042,2,11044,260.42975729344465,204.3710219439338,5.368296691469729,92.15686274509804,1244.612098156198,1046.0032958984375,16.912742429477408,58.333333333333336
11,11042,3,11045,339.1946433780198,276.11941827512254,7.214059613437065,96.07843137254902,1183.5867691105775,984.170166015625,15.90747296621885,66.66666666666666
11,11042,4,11046,281.349913739406,230.33173923866423,6.049860820942272,96.07843137254902,1252.5635605924358,1061.8467203776042,17.216031825446795,58.333333333333336
12,12042,0,12042,292.4027563578983,231.66048655790442,6.0597732441091186,94.11764705882352,1314.0285127364682,1143.1223551432292,18.662796192165434,58.333333333333336
12,12042,1,12043,263.49794196101624,212.1503188189338,5.515802176812369,94.11764705882352,1460.8147006693894,1292.238525390625,21.151276788768246,58.333333333333336
12,12042,2,12044,277.9285730280465,224.4087344898897,5.876849944485906,96.07843137254902,1365.6506032558057,1194.5555826822917,19.518239291458425,58.333333333333336
12,12042,3,12045,286.6871817677904,233.22086588541666,6.117108989007383,98.0392156862745,1262.6294234793563,1078.0654703776042,17.521353114216527,58.333333333333336
12,12042,4,12046,300.37806447767156,244.74693148743873,6.414823986013307,98.0392156862745,1273.5662775414614,1092.8656819661458,17.78472959548164,58.333333333333336
13,13042,0,13042,272.0870917189356,215.89130955116423,5.676209262403448,96.07843137254902,1202.0487490524745,1004.5679931640625,16.249027966469498,66.66666666666666
13,13042,1,13043,306.05817220190295,250.20542279411765,6.558975139626121,98.0392156862745,1284.678740978802,1106.5884195963542,18.023720792117523,58.333333333333336
13,13042,2,13044,282.0175799623182,229.10164866727942,6.042207263134628,96.07843137254902,1357.5566337362638,1169.1700846354167,19.03549937826076,58.333333333333336
13,13042,3,13045,311.7950837073978,255.65997434129903,6.69861973228863,96.07843137254902,1321.6088705613515,1152.2307942708333,18.82536290157124,58.333333333333336
13,13042,4,13046,295.57725581494606,240.91781077665442,6.301307658291436,94.11764705882352,1343.6230833990162,1173.1246744791667,19.164599773336086,58.333333333333336
14,14042,0,14042,286.66410192657753,233.42503446691177,6.125981850894712,98.0392156862745,1269.5398987206497,1084.5692545572917,17.62523257635743,58.333333333333336
14,14042,1,14043,280.29092908567134,226.0826104856005,5.9319709095232405,96.07843137254902,1267.8612712416018,1081.2397867838542,17.56187400489394,58.333333333333336
14,14042,2,14044,321.1233597447323,260.7004442401961,6.803854906426923,94.11764705882352,1403.2141916862795,1247.98974609375,20.492413136936168,58.333333333333336
14,14042,3,14045,283.2911902080105,232.83912090226715,6.091226128400408,96.07843137254902,1304.191206677996,1096.9222005208333,17.712077791367307,66.66666666666666
14,14042,4,14046,274.92592663318686,218.0034897748162,5.7238902148397806,96.07843137254902,1238.7531262227842,1040.3406982421875,16.837251919161396,66.66666666666666
15,15042,0,15042,298.7128075493545,240.20754825367646,6.247934650681634,94.11764705882352,1353.038504743887,1192.37109375,19.537422273520363,58.333333333333336
15,15042,1,15043,306.0343851455574,250.3283882889093,6.557277752487021,96.07843137254902,1307.51869790347,1133.2300618489583,18.484314728077308,58.333333333333336
15,15042,2,15044,309.84587903978826,252.29165230545343,6.59369506432515,98.0392156862745,1289.2255096581198,1111.6951497395833,18.112035440993115,58.333333333333336
15,15042,3,15045,369.980574220897,305.0684599034926,7.825814091321807,86.27450980392157,1591.1748994524228,1432.5248616536458,23.589791210309112,50.0
15,15042,4,15046,285.71886921977506,232.9840207567402,6.104965193140005,96.07843137254902,1301.6163896317594,1126.2524820963542,18.364594341460485,58.333333333333336
16,16042,0,16042,256.01444801902676,202.4044309129902,5.319742578889647,96.07843137254902,1255.3447013826226,1061.8213297526042,17.20613585065694,58.333333333333336
16,16042,1,16043,300.8810993565747,241.96812289368873,6.364888560485442,94.11764705882352,1255.3446629275127,1078.8945719401042,17.563363389560337,58.333333333333336
16,16042,2,16044,258.5703936712801,206.69727519914215,5.468652476195554,96.07843137254902,1325.154168809272,1124.278076171875,18.213197506161187,58.333333333333336
16,16042,3,16045,274.2344171388021,222.0462335324755,5.828741682072932,94.11764705882352,1398.40820372652,1226.4216715494792,20.058196227117143,58.333333333333336
16,16042,4,16046,272.5939915243699,216.49151252297793,5.630435097550314,96.07843137254902,1214.244873591071,1026.4933268229167,16.691510659389653,75.0
17,17042,0,17042,260.9118557752358,198.11419558057597,5.185844390130763,94.11764705882352,1326.2930306052717,1131.0999755859375,18.363983432983293,66.66666666666666
17,17042,1,17043,329.54415171647616,268.54775582107845,6.971537572200781,94.11764705882352,1521.5375571333007,1375.731689453125,22.691829339695495,50.0
17,17042,2,17044,344.2819135007986,286.20797909007354,7.364455003220567,96.07843137254902,1437.289099255288,1316.3456217447917,21.82224736232842,41.66666666666667
17,17042,3,17045,248.557414512158,202.46150237438727,5.289382467101705,98.0392156862745,1327.3346483867838,1150.5573323567708,18.753669725561547,58.333333333333336
17,17042,4,17046,285.8591106893719,239.36504767922793,6.275833489154388,98.0392156862745,1168.8848740639773,934.505615234375,14.948267350988823,75.0
18,18042,0,18042,287.95782159235074,229.70146388633577,6.017816277674829,94.11764705882352,1374.044949133068,1201.9796549479167,19.64398470675586,58.333333333333336
18,18042,1,18043,286.9798564780254,229.0274538526348,6.012309068633716,96.07843137254902,1185.6188343565875,976.5445556640625,15.746085805964425,75.0
18,18042,2,18044,319.0475384707177,260.76223575367646,6.839816911085503,98.0392156862745,1219.6221842980513,1028.7085367838542,16.682923044391597,66.66666666666666
18,18042,3,18045,271.8945869852622,219.86511469822304,5.7698231793242964,94.11764705882352,1229.2330624463787,1035.7763671875,16.784139322326563,66.66666666666666
18,18042,4,18046,326.314833776522,268.1597732843137,7.027227874209944,96.07843137254902,1187.9659685272748,992.8493245442709,16.067571652258703,66.66666666666666
19,19042,0,19042,282.89651255052496,219.9669500612745,5.716033421448617,92.15686274509804,1373.515910942005,1208.6656087239583,19.785752423429944,58.333333333333336
19,19042,1,19043,312.30222714754194,254.40819833792892,6.631640431692469,94.11764705882352,1425.1579991891067,1267.7743326822917,20.811497101294673,58.333333333333336
19,19042,2,19044,296.36987110314266,240.40499100030638,6.295328584654107,96.07843137254902,1290.7439255608117,1111.40771484375,18.095805196252602,58.333333333333336
19,19042,3,19045,255.52949468718856,193.62203680300246,5.04848377758544,96.07843137254902,1343.1384348296883,1155.8319905598958,18.79163055050796,66.66666666666666
19,19042,4,19046,305.5110656035692,248.4238520603554,6.469814463313525,94.11764705882352,1384.6037785690542,1217.491455078125,19.920700754777606,58.333333333333336
20,20042,0,20042,269.732360940598,217.74736711090685,5.729341135469726,96.07843137254902,1152.2846089640032,934.7362467447916,15.008367247003985,75.0
20,20042,1,20043,305.36765656221263,249.57589901194854,6.532278330920624,98.0392156862745,1330.9258377675785,1158.5704752604167,18.91749690971668,58.333333333333336
20,20042,2,20044,250.7182351005032,203.26808076746323,5.3608445624118675,98.0392156862745,1099.2982391843632,878.9561360677084,14.100171831991423,75.0
20,20042,3,20045,288.5149743264653,238.81847426470588,6.241772559017495,96.07843137254902,1254.589647876147,1072.2864583333333,17.439291311459105,58.333333333333336
20,20042,4,20046,404.2383180323929,330.5811982996324,8.626220656151723,92.15686274509804,1259.6288212692386,1076.9730631510417,17.511388605059537,58.333333333333336
21,21042,0,21042,305.5181401345271,250.09123200061273,6.562456768378622,98.0392156862745,1258.4284121815642,1074.5623779296875,17.471074479750083,58.333333333333336
21,21042,1,21043,261.25427079968046,203.58725394454657,5.3235020121849645,92.15686274509804,1372.8821050163451,1198.5635579427083,19.57048682910605,58.333333333333336
21,21042,2,21044,314.62988067828127,258.39897843903185,6.764081180359577,98.0392156862745,1248.323798681648,1052.7508544921875,17.046745523201608,66.66666666666666
21,21042,3,21045,274.74582792318824,223.5055912990196,5.869316645597435,96.07843137254902,1290.3148703660686,1100.2382405598958,17.87365183220192,58.333333333333336
21,21042,4,21046,283.677324150131,230.5030206418505,6.049207821253807,94.11764705882352,1246.1051422411863,1059.7557779947917,17.206176506135794,58.333333333333336
22,22042,0,22042,248.35271110039906,205.02313591452207,5.453561027743934,96.07843137254902,1285.9056807665172,1080.1545003255208,17.442380932068712,66.66666666666666
22,22042,1,22043,299.230502311612,239.5137436810662,6.243907614754672,96.07843137254902,1216.9948070877215,1019.5150553385416,16.49137369126337,66.66666666666666
22,22042,2,22044,281.2920715946214,224.83705767463235,5.909484556656828,94.11764705882352,1051.3382075931042,817.6766764322916,13.056996121611023,75.0
22,22042,3,22045,300.93855955870873,245.31469247855392,6.382606552244047,94.11764705882352,1338.3617605134536,1156.8528645833333,18.825867455004012,58.333333333333336
22,22042,4,22046,262.81930768636045,207.4312241498162,5.537864166937787,94.11764705882352,1044.349600088701,797.4255777994791,12.66664092846869,83.33333333333334
23,23042,0,23042,270.5355044812938,205.53550091911765,5.405467786362444,94.11764705882352,1209.1350008180475,1010.9397786458334,16.34706226581496,66.66666666666666
23,23042,1,23043,286.45049623328686,233.83433383118873,6.138209829966746,98.0392156862745,1244.253714424605,1051.6367594401042,17.040476468613544,58.333333333333336
23,23042,2,23044,291.0324317605173,239.68792604932597,6.284956202841961,98.0392156862745,1318.2606640952806,1151.1219889322917,18.816385991568726,58.333333333333336
23,23042,3,23045,318.53931585398027,260.8314998851103,6.853855794083423,98.0392156862745,1282.9442619287092,1106.8509521484375,18.047115870314965,58.333333333333336
23,23042,4,23046,311.21134185397284,257.1975289139093,6.758376215061171,98.0392156862745,1265.2635634943515,1082.2362060546875,17.597149399371258,58.333333333333336
24,24042,0,24042,300.8106541511061,245.67943857230392,6.444417332037157,98.0392156862745,1203.3119906814377,1007.3943684895834,16.302443984773767,66.66666666666666
24,24042,1,24043,289.3932810687565,236.16739908854166,6.190815240685462,96.07843137254902,1318.0405576536411,1132.4667561848958,18.42334468732729,58.333333333333336
24,24042,2,24044,291.57230771266427,240.02274337469362,6.291859822256969,94.11764705882352,1276.1492030959223,1096.5429280598958,17.847835354367202,58.333333333333336
24,24042,3,24045,316.950867079132,260.6526932061887,6.8386707168081955,98.0392156862745,1182.8259188677569,983.0764973958334,15.886886331156717,66.66666666666666
24,24042,4,24046,304.65125910175783,248.81442440257354,6.517272690847485,94.11764705882352,1314.5541771959042,1141.5298258463542,18.628023519753587,58.333333333333336
25,25042,0,25042,270.26686230065854,215.48256548713235,5.629390789083002,96.07843137254902,1282.4256002741427,1103.6985677083333,17.975277073999443,58.333333333333336
25,25042,1,25043,258.01459490809964,202.5796807981005,5.326115854198348,96.07843137254902,1273.7564153267156,1082.40185546875,17.554268811290736,58.333333333333336
25,25042,2,25044,309.84693144832835,254.8944594439338,6.687340347635795,98.0392156862745,1229.9945273668832,1041.24462890625,16.89438401458609,58.333333333333336
25,25042,3,25045,392.6360831387352,323.0440793504902,8.358537597356506,90.19607843137256,794.8737913923278,613.5841471354166,9.86028025930944,91.66666666666666
25,25042,4,25046,312.30452179687717,253.67849551930146,6.5955033449143645,92.15686274509804,1462.6662687219384,1307.13916015625,21.47817889007908,58.333333333333336
26,26042,0,26042,312.1079310935825,255.81679878982843,6.699042388580429,96.07843137254902,1312.2224941967663,1142.1631266276042,18.651877126884752,58.333333333333336
26,26042,1,26043,295.56924656540343,239.9442018995098,6.324039403768092,98.0392156862745,1258.725078628603,1067.0314127604167,17.314368275908045,58.333333333333336
26,26042,2,26044,304.16767212043294,248.95508291207108,6.487900325586408,94.11764705882352,1408.1668249511952,1249.8530680338542,20.502069672334542,58.333333333333336
26,26042,3,26045,305.2602367660816,250.4687260646446,6.576109884165436,98.0392156862745,1197.5989564844288,1000.4730631510416,16.183177096538103,66.66666666666666
26,26042,4,26046,245.09909640881344,193.64141007965685,5.113155832013171,92.15686274509804,1296.0275224011075,1101.4661051432292,17.84650965076798,66.66666666666666
27,27042,0,27042,218.65624664263996,171.65153473498773,4.59565181407256,98.0392156862745,993.648268583062,729.2888997395834,11.512086633077596,91.66666666666666
27,27042,1,27043,297.4838385249958,242.00252757352942,6.336479007516846,94.11764705882352,1326.0708075845741,1153.0170491536458,18.81718261046357,58.333333333333336
27,27042,2,27044,355.8492736018625,293.6547899433211,7.892626754434564,84.31372549019608,1008.4467320524475,719.404296875,11.377380546728666,91.66666666666666
27,27042,3,27045,309.91189928721536,251.12472713694854,6.5807210274681,96.07843137254902,1324.9666466393091,1153.1927490234375,18.827596993212122,58.333333333333336
27,27042,4,27046,293.2250447669657,233.74573471966912,6.135806048141899,96.07843137254902,1317.9553566948205,1145.8512776692708,18.702745510978634,58.333333333333336
28,28042,0,28042,312.97945321024395,258.21567191329655,6.778605751205332,98.0392156862745,1247.8905318308937,1064.4006754557292,17.299115959569985,58.333333333333336
28,28042,1,28043,246.4987215857998,196.7400620404412,5.294240275049576,96.07843137254902,1074.2833571415806,842.8069254557291,13.462983190043415,83.33333333333334
28,28042,2,28044,264.51754377520547,210.77592677696077,5.52725154415649,94.11764705882352,1299.0986032298879,1108.426025390625,17.984456323552365,58.333333333333336
28,28042,3,28045,293.1223639927749,238.115966796875,6.231950295772561,94.11764705882352,1339.9035748043277,1168.67578125,19.089069509205615,58.333333333333336
28,28042,4,28046,254.17999065171665,200.88916015625,5.290985786759967,96.07843137254902,1222.292004536303,1016.8640950520834,16.409970206384557,66.66666666666666
29,29042,0,29042,286.11929403921624,234.98523188572304,6.2109839387761205,98.0392156862745,1284.5039414968326,1095.3106282552083,17.775182434548224,58.333333333333336
29,29042,1,29043,294.3319844014058,240.05657839307597,6.281468170684675,94.11764705882352,1328.6012610939445,1156.4045003255208,18.877129221513687,58.333333333333336
29,29042,2,29044,310.70364400351264,252.54310757506127,6.610330091161865,94.11764705882352,1336.377537837744,1164.4864095052083,19.01657812201835,58.333333333333336
29,29042,3,29045,310.02246509886186,253.92486213235293,6.654660351519478,98.0392156862745,1306.3881666300206,1132.8201904296875,18.482192231677065,58.333333333333336
29,29042,4,29046,234.65097530224625,185.98816636029412,4.867805044805922,94.11764705882352,1512.8812416811197,1339.9495442708333,21.936976108239502,58.333333333333336
30,30042,0,30042,274.0726731582964,221.3115425857843,5.794644259528946,94.11764705882352,1250.4333967868558,1058.3984375,17.16099445239144,58.333333333333336
30,30042,1,30043,269.7940805715975,217.5576602711397,5.657883701950474,94.11764705882352,1286.8526046893592,1087.1781412760417,17.58712094961151,58.333333333333336
30,30042,2,30044,288.41963153980623,233.05958467371323,6.110817179367873,96.07843137254902,1254.1699667130372,1065.4474283854167,17.289325632299892,58.333333333333336
30,30042,3,30045,272.8014098078164,216.7440975413603,5.680934060865704,94.11764705882352,1323.2465934060858,1103.2095947265625,17.76426570400009,66.66666666666666
30,30042,4,30046,311.30259743202635,254.20639456954657,6.660961021313683,98.0392156862745,1299.4958779128494,1125.4200846354167,18.35349251679126,58.333333333333336
31,31042,0,31042,290.3442005968645,236.8876761642157,6.184265719271135,94.11764705882352,1392.361525132527,1228.392333984375,20.115167693429246,58.333333333333336
31,31042,1,31043,302.5396815315343,246.85756070006127,6.471264257780986,96.07843137254902,1298.382068869682,1122.5772298177083,18.29794935831462,58.333333333333336
31,31042,2,31044,292.95228664591497,236.8118393841912,6.203467330477564,94.11764705882352,1183.1537762818289,988.0098063151041,15.977796395949396,75.0
31,31042,3,31045,292.2474428851776,236.6120413985907,6.215424153475194,98.0392156862745,1260.8598650097877,1075.232421875,17.46764680212475,58.333333333333336
31,31042,4,31046,302.24217530507633,247.68655215992646,6.5138782640225195,98.0392156862745,1239.5232740821707,1049.5420328776042,17.022395887560638,58.333333333333336
32,32042,0,32042,271.1241426159923,217.90444048713235,5.716284553703097,96.07843137254902,1347.8000624900576,1168.411865234375,19.037257461463085,58.333333333333336
32,32042,1,32043,299.18192814701183,244.56603285845588,6.404279432233645,94.11764705882352,1305.3693606011066,1131.58154296875,18.45754419517601,58.333333333333336
32,32042,2,32044,296.6265928329045,242.19062117034315,6.349906813122716,98.0392156862745,1271.8761168295528,1088.6497395833333,17.701438097698485,58.333333333333336
32,32042,3,32045,316.51465637513155,260.2867551317402,6.823687437312984,98.0392156862745,1269.3762767851927,1092.5850830078125,17.80023224789962,58.333333333333336
32,32042,4,32046,284.9995337711297,231.15459846047793,6.034333164764643,94.11764705882352,1337.6976592756976,1165.9645182291667,19.03653712140584,58.333333333333336
33,33042,0,33042,291.9417446166271,238.00992838541666,6.232175498381395,94.11764705882352,1305.6286907102565,1127.6514892578125,18.374353598317498,58.333333333333336
33,33042,1,33043,293.15301021494804,240.2224551930147,6.3268683727039265,98.0392156862745,1276.6912164560486,1087.3571370442708,17.660684313868167,58.333333333333336
33,33042,2,33044,290.67334197502953,237.5483589920343,6.16656154192623,94.11764705882352,1361.5107070603422,1179.0926513671875,19.20944297176944,58.333333333333336
33,33042,3,33045,318.57363898751356,260.23906632965685,6.811817411138195,94.11764705882352,1366.978865000114,1205.9711100260417,19.762405412784045,58.333333333333336
33,33042,4,33046,284.68390681523607,230.56095377604166,6.03133187356392,94.11764705882352,1356.8473207168734,1189.2339274088542,19.44774310185126,58.333333333333336
34,34042,0,34042,291.67700189602476,235.2392769607843,6.156415893466328,94.11764705882352,1354.48941708852,1187.7852783203125,19.428440343793426,58.333333333333336
34,34042,1,34043,294.898618117516,237.44290939031862,6.217136025655208,96.07843137254902,1333.3732090697756,1151.044189453125,18.743286205722956,58.333333333333336
34,34042,2,34044,308.7607829443287,254.46953986672793,6.679233594926077,98.0392156862745,1229.6661656698832,1041.041015625,16.89178232495284,58.333333333333336
34,34042,3,34045,302.2125137331433,249.9490655637255,6.55046499513631,98.0392156862745,1223.9333508345428,1033.6493326822917,16.758602039486924,58.333333333333336
34,34042,4,34046,267.37471848732815,219.902099609375,5.770431910679602,98.0392156862745,1172.253455308639,972.6532796223959,15.715298590882934,75.0
35,35042,0,35042,337.4325397722395,271.2940793504902,7.062438262379469,96.07843137254902,1372.9120222203223,1212.7572428385417,19.897653003923175,58.333333333333336
35,35042,1,35043,304.4282418648185,245.85379327512254,6.434476069365094,94.11764705882352,1341.8006848371706,1175.2574462890625,19.223929537360963,58.333333333333336
35,35042,2,35044,276.77238925682303,223.0798531326593,5.843586014141354,96.07843137254902,1310.5794228949692,1128.8912760416667,18.376360997691375,58.333333333333336
35,35042,3,35045,286.11822635566386,234.0556832107843,6.183898227955098,98.0392156862745,1181.3374708181573,974.7316487630209,15.728907617910126,66.66666666666666
35,35042,4,35046,274.24365610570226,217.43034332873773,5.721251471251486,96.07843137254902,1250.8471219725482,1057.603759765625,17.141010801379185,58.333333333333336
36,36042,0,36042,265.97549719602733,203.68738032322304,5.40160836345321,92.15686274509804,1204.051618148402,1010.4951578776041,16.36748847350983,66.66666666666666
36,36042,1,36043,264.7639906510205,211.87909773284315,5.536543476253518,94.11764705882352,1320.533339540067,1138.8155924479167,18.531178189229113,58.333333333333336
36,36042,2,36044,314.62982312546205,256.7650361902574,6.731748088606723,92.15686274509804,954.7431053192628,676.0964762369791,10.625507980213268,91.66666666666666
36,36042,3,36045,314.38430771656135,256.31800034466914,6.725534317569323,98.0392156862745,1273.2124959837038,1096.1424967447917,17.857461401245704,58.333333333333336
36,36042,4,36046,299.01358689557253,244.10929840686273,6.413133521300537,98.0392156862745,1238.8975666592116,1052.5694173177083,17.087327390234893,58.333333333333336
37,37042,0,37042,281.32250961011647,224.29543887867646,5.862741891402773,96.07843137254902,1406.620896337795,1245.7474772135417,20.418005242135592,58.333333333333336
37,37042,1,37043,312.3532896741494,257.1379155177696,6.746248382579692,98.0392156862745,1286.0325533844805,1109.5221761067708,18.080972787782372,58.333333333333336
37,37042,2,37044,425.0189519878968,341.39759018841914,9.064470935966648,92.15686274509804,2177.2815262217546,2059.281005859375,34.47676093808095,16.666666666666664
37,37042,3,37045,284.2454431258045,230.88541666666666,6.055187402671286,96.07843137254902,1278.1368345783524,1094.5736083984375,17.797268683522528,58.333333333333336
37,37042,4,37046,311.67709638449037,258.69587737438724,6.723295911526472,92.15686274509804,1393.687848551817,1224.101318359375,20.020152653417224,58.333333333333336
38,38042,0,38042,304.8923106671997,250.09127029718138,6.56265450075582,98.0392156862745,1221.440862231798,1030.6622721354167,16.70972462037156,58.333333333333336
38,38042,1,38043,304.2890086719165,244.62754672181373,6.398687502172905,94.11764705882352,1351.3465656976343,1186.4234212239583,19.414785782565488,58.333333333333336
38,38042,2,38044,307.1063244549016,248.55439548866423,6.490755472245007,94.11764705882352,1331.2350682281153,1164.0552571614583,19.03222128184946,58.333333333333336
38,38042,3,38045,286.4605780735469,231.52374387254903,6.034892286261428,94.11764705882352,1365.5986713593338,1195.6851399739583,19.542692111274793,58.333333333333336
38,38042,4,38046,288.26001113212067,223.48321174172793,5.846316770341321,92.15686274509804,1373.212385194063,1210.0606689453125,19.820211910318328,58.333333333333336
39,39042,0,39042,294.80565476062065,239.91822246476715,6.271861964427973,94.11764705882352,1345.860071424227,1175.7255045572917,19.208268968627287,58.333333333333336
39,39042,1,39043,295.5131650777611,237.42955824908088,6.201948187597364,94.11764705882352,1349.3804171706342,1184.3755289713542,19.380352472016625,58.333333333333336
39,39042,2,39044,299.0239412197397,246.0253714767157,6.454910258878931,98.0392156862745,1255.9412133557764,1074.7586669921875,17.480613765687693,58.333333333333336
39,39042,3,39045,307.27669119342977,252.7022202435662,6.622479792386915,98.0392156862745,1211.8834333292853,1019.3215738932291,16.515708924482748,66.66666666666666
39,39042,4,39046,265.6496402212922,219.7152650122549,5.73835104587007,96.07843137254902,1270.4468694439042,1081.2645670572917,17.548776179759802,58.333333333333336
40,40042,0,40042,292.714971296725,237.65373200061273,6.222749940961762,94.11764705882352,1316.4743227235576,1140.9227701822917,18.604393989116495,58.333333333333336
40,40042,1,40043,298.99893809371014,244.1219793581495,6.376913830011173,94.11764705882352,1363.9957635059623,1198.1934814453125,19.605947170622194,58.333333333333336
40,40042,2,40044,370.7411009724678,299.3996007582721,7.703569647206431,82.35294117647058,1718.5382458294291,1581.9425048828125,26.221496676766538,25.0
40,40042,3,40045,331.0365887214259,273.3507199754902,7.1916437295309095,92.15686274509804,1127.6795916767694,913.1768798828125,14.674847536377348,66.66666666666666
40,40042,4,40046,266.4843301155451,214.11949965533088,5.635355428008791,96.07843137254902,1321.1336349394062,1136.9315592447917,18.49584134304927,58.333333333333336
41,41042,0,41042,283.6728018065422,227.83459233302696,5.943706338471819,96.07843137254902,1288.0051607908429,1108.8275146484375,18.042588740610864,58.333333333333336
41,41042,1,41043,325.05927336531835,266.7492005591299,6.977406186516657,94.11764705882352,1372.8761937686438,1214.0971272786458,19.90957544391286,58.333333333333336
41,41042,2,41044,305.56858649705515,251.5288803998162,6.566799026503343,96.07843137254902,1303.4448426902802,1134.6748046875,18.517588621893992,58.333333333333336
41,41042,3,41045,289.35748478107297,233.25499770220588,6.075055179898768,96.07843137254902,1369.7708156888693,1205.2523193359375,19.72850423542404,58.333333333333336
41,41042,4,41046,291.14183898259444,237.37789617800246,6.232309376815357,98.0392156862745,1235.4055016645502,1044.7912190755208,16.942375271341835,58.333333333333336
42,42042,0,42042,294.3398657435115,243.9043160232843,6.443662914860217,96.07843137254902,1139.4747826185396,932.7115071614584,15.033237134228832,75.0
42,42042,1,42043,295.39024627104544,245.24135933670343,6.4373366833195655,96.07843137254902,1302.4594794296993,1121.9345703125,18.26505005988128,58.333333333333336
42,42042,2,42044,257.65684199981126,207.59228515625,5.434299233593855,94.11764705882352,1295.2902842364547,1106.6739501953125,17.970233497133687,58.333333333333336
42,42042,3,42045,227.66015013367542,174.84486538756127,4.6399631130118735,94.11764705882352,983.8509079141737,715.92236328125,11.28773066268393,91.66666666666666
42,42042,4,42046,288.10203947475134,229.7197935814951,6.020848243191957,94.11764705882352,1172.7831566465172,973.7040201822916,15.732756080580627,66.66666666666666
43,43042,0,43042,278.5178340565561,222.2484250536152,5.827320588756955,98.0392156862745,1216.8318854921097,1018.6847330729166,16.47484196923405,66.66666666666666
43,43042,1,43043,225.5127333693776,169.78809072457108,4.471331243835565,94.11764705882352,1283.5289937698185,1084.2032470703125,17.529136714989278,58.333333333333336
43,43042,2,43044,326.0575669519626,265.84341011795345,6.969678026814827,98.0392156862745,1302.874530687014,1132.3701578776042,18.489108533323726,58.333333333333336
43,43042,3,43045,256.36659753091294,201.80652573529412,5.2904550673612265,92.15686274509804,1178.4402958007436,971.9036865234375,15.66364159593063,75.0
43,43042,4,43046,259.20710908590814,207.97544711243873,5.4528434726567845,96.07843137254902,1296.6305667260838,1124.8544921875,18.370400016869795,58.333333333333336
44,44042,0,44042,317.3605943016395,260.32441023284315,6.826072944841467,98.0392156862745,1316.3432733275463,1147.7313639322917,18.754362974139056,58.333333333333336
44,44042,1,44043,282.8668306109797,229.26021560968138,6.004165410913522,96.07843137254902,1322.1340175178352,1147.1875,18.70884436534404,58.333333333333336
44,44042,2,44044,290.3476957658046,233.67729875153185,6.141901621899017,98.0392156862745,1252.5673341881547,1062.7075602213542,17.240396060069607,58.333333333333336
44,44042,3,44045,293.265347297273,233.6059761795343,6.111381229119017,94.11764705882352,1311.3262312260872,1117.7185465494792,18.155970918262753,66.66666666666666
44,44042,4,44046,295.93653078041353,242.93236347273285,6.371866948520415,98.0392156862745,1294.1522690423135,1118.373291015625,18.227145065078012,58.333333333333336
45,45042,0,45042,303.7380150521455,248.98434149050246,6.525982386391879,96.07843137254902,1309.747850597754,1137.43115234375,18.56395948891001,58.333333333333336
45,45042,1,45043,275.2895122959997,223.94212431066177,5.875866946062745,96.07843137254902,1274.3251705291027,1087.6107991536458,17.659676867397664,58.333333333333336
45,45042,2,45044,287.82495723199975,232.44037702971815,6.106100652614113,98.0392156862745,1321.2708620308886,1146.6620279947917,18.704572565474944,58.333333333333336
45,45042,3,45045,289.0122766859698,235.63894952512254,6.1719551030184405,98.0392156862745,1225.109350748889,1032.0111897786458,16.716418027949796,58.333333333333336
45,45042,4,45046,284.9060383991809,224.36475566789215,5.813494690246137,94.11764705882352,1383.3200726030295,1219.4625651041667,19.969203202275153,58.333333333333336
46,46042,0,46042,382.8451329076528,322.0727586933211,8.455047543612272,88.23529411764706,876.7351513561099,607.7777913411459,9.557199946070266,91.66666666666666
46,46042,1,46043,304.74281604472134,249.31922104779412,6.538369124380088,98.0392156862745,1285.0485508747438,1107.2117919921875,18.035641519287076,58.333333333333336
46,46042,2,46044,302.7057166561369,247.53554400275735,6.481256991316638,94.11764705882352,1351.0685161484364,1184.5172526041667,19.37712436349669,58.333333333333336
46,46042,3,46045,281.0374810848737,227.70706475949754,5.963654766881842,96.07843137254902,1290.860529622723,1109.2775472005208,18.047936950242473,58.333333333333336
46,46042,4,46046,292.89215850351417,238.07674153645834,6.229124649519618,94.11764705882352,1314.825491962555,1139.4222412109375,18.578540752945194,58.333333333333336
47,47042,0,47042,308.7345801396875,253.25012925091912,6.634777632103045,98.0392156862745,1291.6421638876768,1116.83447265625,18.20849466806346,58.333333333333336
47,47042,1,47043,324.8674144561713,266.07409907322307,6.966099190829484,96.07843137254902,1357.5927080162596,1197.4241943359375,19.624637631277597,58.333333333333336
47,47042,2,47044,291.4641420246101,238.58161956188727,6.269097791058635,98.0392156862745,1247.834618343235,1059.6097819010417,17.19777854067507,58.333333333333336
47,47042,3,47045,278.2572637961623,223.43502029718138,5.864866089882478,98.0392156862745,1219.1918250412643,1013.1952311197916,16.34482442933022,66.66666666666666
47,47042,4,47046,310.44458373169437,254.56626742493873,6.677744020902031,98.0392156862745,1176.6761767794258,973.99609375,15.724032095761551,66.66666666666666
48,48042,0,48042,275.1493295677614,220.2266055836397,5.7374937229137455,94.11764705882352,1415.3327518843569,1249.4899495442708,20.46432403347352,58.333333333333336
48,48042,1,48043,292.7518992428135,239.2660414751838,6.287734326029905,98.0392156862745,1189.0440221999734,986.8862711588541,15.935201373585341,66.66666666666666
48,48042,2,48044,296.7464015461475,241.37438246783088,6.349351978517808,98.0392156862745,1221.2409311791366,1034.0256754557292,16.782107614279322,58.333333333333336
48,48042,3,48045,324.3813708323208,263.56302179074754,6.891696987887151,98.0392156862745,1324.1969398155777,1159.3133544921875,18.965128552632827,58.333333333333336
48,48042,4,48046,303.4892741085765,245.82487457873773,6.398048075180224,94.11764705882352,1469.0086183862397,1318.21728515625,21.688525012437974,58.333333333333336
49,49042,0,49042,319.9725809694223,262.67713120404414,6.880044285550521,96.07843137254902,1350.4951225690547,1187.9113362630208,19.45123763880376,58.333333333333336
49,49042,1,49043,271.4058733315174,218.9756050857843,5.743363265113001,96.07843137254902,1277.7804166859958,1091.1628011067708,17.72533769274577,58.333333333333336
49,49042,2,49044,285.02975977914485,231.78114468443627,6.100183488783505,98.0392156862745,1265.661996803424,1078.072998046875,17.498867781048013,58.333333333333336
49,49042,3,49045,332.90785245420034,278.0969669117647,7.28827183119831,94.11764705882352,1191.2238323087959,998.0438232421875,16.165842511335647,66.66666666666666
49,49042,4,49046,290.4796711268742,233.74741976868873,6.1227602270644335,96.07843137254902,1289.5700621503984,1104.0691324869792,17.94221030684163,58.333333333333336
50,50042,0,50042,325.3083105099998,266.9511048560049,6.990353317919119,96.07843137254902,1349.459714000622,1188.0535888671875,19.46296588747991,58.333333333333336
50,50042,1,50043,294.7832619808934,240.32525275735293,6.29895976110065,96.07843137254902,1309.0361050723727,1132.5072835286458,18.4606689133755,58.333333333333336
50,50042,2,50044,299.4599966326293,245.71354645373773,6.428025196171576,94.11764705882352,1369.5428483066921,1202.1038411458333,19.6574995270125,58.333333333333336
50,50042,3,50045,269.3678693434815,213.28869868259804,5.584652201613697,96.07843137254902,1197.3809781436523,985.39306640625,15.852779514166073,75.0
50,50042,4,50046,298.35064668745156,243.6156125536152,6.385520109020804,98.0392156862745,1288.140703580628,1109.1164143880208,18.060859304045003,58.333333333333336
51,51042,0,51042,358.82259540608044,296.6561638327206,7.796907572695646,98.0392156862745,1344.1415909598738,1190.1261393229167,19.543870573411183,58.333333333333336
51,51042,1,51043,245.06053603989295,201.63663258272058,5.362461887449759,96.07843137254902,915.8060752492124,618.9038899739584,9.653598503579031,91.66666666666666
51,51042,2,51044,267.2568199889076,208.19771560968138,5.457267258147031,94.11764705882352,1234.8345562622753,1029.7939046223958,16.632087556429866,75.0
51,51042,3,51045,304.1829496277968,247.0821222043505,6.480214968797306,98.0392156862745,1236.3074901870239,1046.9212239583333,16.985093728136803,58.333333333333336
51,51042,4,51046,274.12677141425337,223.60831227022058,5.906541275169523,96.07843137254902,1305.4041760425678,1106.2582194010417,17.93883374937343,58.333333333333336
52,52042,0,52042,257.8083486311421,202.3550522748162,5.280417330025909,94.11764705882352,1307.8100297789601,1115.8875732421875,18.102634118691995,66.66666666666666
52,52042,1,52043,280.66399980535834,208.08647843903185,5.466890566474707,94.11764705882352,948.5272168510564,662.185791015625,10.375202782713663,91.66666666666666
52,52042,2,52044,287.65359937140755,234.69173655790442,6.091203849640627,94.11764705882352,1405.0858099221182,1240.0784912109375,20.306326927588835,58.333333333333336
52,52042,3,52045,292.29529915193945,239.25227864583334,6.276764663789347,96.07843137254902,1294.0340810982602,1117.4521484375,18.207912772929987,58.333333333333336
52,52042,4,52046,288.91749672498446,230.53147977941177,6.038209593064135,94.11764705882352,1344.5225588370479,1177.1244710286458,19.247888775411738,58.333333333333336
53,53042,0,53042,301.22621034827847,245.40162568933823,6.430881562215323,98.0392156862745,1277.8468648334544,1096.98291015625,17.851033558159124,58.333333333333336
53,53042,1,53043,236.7807068051764,190.1531001072304,5.016844402964776,98.0392156862745,1289.0291360303636,1083.4897867838542,17.494109740450416,58.333333333333336
53,53042,2,53044,289.26856047858837,233.00094305300246,6.1051068566260875,96.07843137254902,1234.860838860058,1042.933349609375,16.907097084391356,58.333333333333336
53,53042,3,53045,303.1016677639617,245.79943129595588,6.419055546168788,94.11764705882352,1361.3148640738684,1198.0894368489583,19.617607439622002,58.333333333333336
53,53042,4,53046,256.04403293938253,206.38013652726715,5.3775114939041515,94.11764705882352,1346.0870011038808,1172.2452799479167,19.129502268718255,58.333333333333336
54,54042,0,54042,296.44536335590203,241.48212028952207,6.3315094231451985,96.07843137254902,1307.8972155044205,1130.8600260416667,18.43078741789299,58.333333333333336
54,54042,1,54043,270.16758416278503,221.39883961397058,5.8100806588550595,98.0392156862745,1332.294389750591,1140.2168782552083,18.514199588337107,58.333333333333336
54,54042,2,54044,312.7426927904878,254.7784926470588,6.673675324568927,96.07843137254902,1258.781651348654,1076.8264973958333,17.514122689931675,58.333333333333336
54,54042,3,54045,300.5643375306819,246.22690238204657,6.4497609311028254,98.0392156862745,1313.0373901843757,1140.5427652994792,18.61284595800671,58.333333333333336
54,54042,4,54046,206.5869724860868,158.41620710784315,4.193765514479126,96.07843137254902,945.4085423746235,658.3050944010416,10.310029250234775,91.66666666666666
55,55042,0,55042,320.52518907052144,263.4365617340686,6.904171302963929,98.0392156862745,1308.624423616775,1138.4602457682292,18.5930146868281,58.333333333333336
55,55042,1,55043,308.83254240365574,248.76083792892157,6.515092456477121,94.11764705882352,1377.3897127291104,1208.4242350260417,19.763147396696443,58.333333333333336
55,55042,2,55044,252.33973203644945,201.37760416666666,5.280917074715149,96.07843137254902,1300.5795569608947,1100.0535481770833,17.79624251826224,58.333333333333336
55,55042,3,55045,309.4984951900479,258.6958821614583,6.776181801064962,96.07843137254902,1177.142603536643,969.610107421875,15.637057187100675,66.66666666666666
55,55042,4,55046,224.72039452830555,175.5053902420343,4.681383692928621,94.11764705882352,987.6140384765947,720.3171793619791,11.3590409645377,91.66666666666666
56,56042,0,56042,291.591835710857,236.51304476868873,6.190005235562562,94.11764705882352,1325.114678274334,1152.34716796875,18.808360960254863,58.333333333333336
56,56042,1,56043,262.2614467526187,209.5537109375,5.505835597496606,96.07843137254902,1121.7803430391969,903.2217610677084,14.49606370961846,75.0
56,56042,2,56044,290.97441223240213,235.3533385033701,6.159354056443591,96.07843137254902,1333.3359610037865,1166.3807373046875,19.063360670344434,58.333333333333336
56,56042,3,56045,244.55255677605993,186.15444048713235,4.812831395345228,94.11764705882352,1083.1506748596364,850.8836263020834,13.587485403284058,75.0
56,56042,4,56046,273.01707482469817,212.99573471966912,5.592804139649031,94.11764705882352,1328.8849692793926,1148.9822591145833,18.7186040955469,58.333333333333336
57,57042,0,57042,292.8909625258552,243.1687203201593,6.364722752898377,96.07843137254902,1291.3400655483467,1116.2002766927083,18.198447775730955,58.333333333333336
57,57042,1,57043,312.55651624696475,255.27500765931373,6.679337373641927,94.11764705882352,1363.0419725330912,1199.742919921875,19.64532600956668,58.333333333333336
57,57042,2,57044,287.9217964234958,231.95089901194854,6.071960904004774,96.07843137254902,1321.1926133574877,1143.2984619140625,18.630744882613918,58.333333333333336
57,57042,3,57045,271.59151222670073,222.93465169270834,5.846138233889652,96.07843137254902,1289.4771543841669,1116.9062906901042,18.20352441115024,58.333333333333336
57,57042,4,57046,253.5951550353772,202.7367924708946,5.296682924033374,94.11764705882352,1339.055453494578,1135.2384033203125,18.360312017127324,66.66666666666666
58,58042,0,58042,388.5254025223499,261.7813505284926,7.098269915637832,96.07843137254902,1089.7540274207104,863.6542154947916,13.824201454131964,75.0
58,58042,1,58043,291.78577343093104,238.69028607536765,6.274453547406969,96.07843137254902,1146.2994791243725,932.6815185546875,14.996564730150855,75.0
58,58042,2,58044,298.36427033041645,243.93453680300246,6.407916389150195,98.0392156862745,1272.2816823186504,1090.3624674479167,17.73676546531999,58.333333333333336
58,58042,3,58045,270.10892945986484,211.15483302696077,5.5335073777050185,96.07843137254902,1295.1986897988324,1091.9271647135417,17.65177554056727,58.333333333333336
58,58042,4,58046,340.9889204045467,277.3464929917279,7.29763215524432,96.07843137254902,1398.9981726318529,1242.125732421875,20.423821144525125,58.333333333333336
59,59042,0,59042,474.06543174006333,404.5677370557598,10.650869759225156,98.0392156862745,1026.1844452989892,779.0945231119791,12.372598948068365,83.33333333333334
59,59042,1,59043,379.6840889687147,296.56149471507354,7.611692297045983,86.27450980392157,1641.4590855573144,1498.2812093098958,24.77663576940959,25.0
59,59042,2,59044,328.7523061948207,271.06868010876224,7.09978841938291,98.0392156862745,1309.3952248744242,1142.1719156901042,18.667339508763135,58.333333333333336
59,59042,3,59045,311.4795360129559,243.94257429534315,6.38036760675135,94.11764705882352,1361.0220661664396,1206.593017578125,19.799581673942164,58.333333333333336
59,59042,4,59046,279.2661308981823,228.7624703201593,6.000082770711993,98.0392156862745,1226.4103918237854,1033.42041015625,16.73541222944792,58.333333333333336
60,60042,0,60042,260.31089784286604,207.0976371017157,5.412043388502054,94.11764705882352,1310.9773433507366,1103.5623779296875,17.82352945225136,66.66666666666666
60,60042,1,60043,294.671866237332,232.05947457107843,5.979855348366361,92.15686274509804,1505.834326608725,1354.8719482421875,22.29698158491358,58.333333333333336
60,60042,2,60044,301.5267113104662,243.78754978553923,6.378529722262083,94.11764705882352,1337.2241937945394,1157.8986409505208,18.887441548352946,58.333333333333336
60,60042,3,60045,304.27778924936837,251.0198854932598,6.57623256698391,94.11764705882352,1336.2493700478806,1168.7711181640625,19.10869259760056,58.333333333333336
60,60042,4,60046,329.3726462407248,273.88516295189953,7.241866815707616,92.15686274509804,1033.9906795698803,784.1535237630209,12.441644055749324,83.33333333333334
61,61042,0,61042,316.9470743871911,259.0309053308824,6.784111303944644,98.0392156862745,1277.0095695951545,1100.7205810546875,17.939054086187276,58.333333333333336
61,61042,1,61043,236.87793483734416,194.07882869944854,5.132584207394116,96.07843137254902,1262.458107700401,1069.2536214192708,17.328206489692946,58.333333333333336
61,61042,2,61044,254.28374311733606,201.1452876072304,5.262132379005196,96.07843137254902,1226.779509696954,1034.0184733072917,16.73772697027808,58.333333333333336
61,61042,3,61045,245.07983288903208,196.37068684895834,5.1724612718062914,94.11764705882352,881.418699613626,591.5891520182291,9.216793886585805,91.66666666666666
61,61042,4,61046,276.1682511656548,229.2484920726103,6.013132140551635,96.07843137254902,1371.892443672034,1189.4410807291667,19.353761994591544,58.333333333333336
62,62042,0,62042,307.29085011939617,253.20564299938727,6.648765498065832,98.0392156862745,1278.1418629955306,1093.0001627604167,17.772524975585068,58.333333333333336
62,62042,1,62043,285.98634151184126,232.80660711550246,6.103691168751177,94.11764705882352,1260.7740675545797,1079.0405680338542,17.551868227769827,58.333333333333336
62,62042,2,62044,271.0885268416499,214.20857747395834,5.595121096502398,94.11764705882352,1289.8611375915025,1105.849609375,17.97694657947324,58.333333333333336
62,62042,3,62045,286.9201679323516,233.08912090226715,6.103752038387246,94.11764705882352,1309.7328358471154,1132.1469319661458,18.448184997856107,58.333333333333336
62,62042,4,62046,289.9979902065144,236.3959769454657,6.219650672493051,92.15686274509804,1096.6163201490533,862.7479248046875,13.773796754368236,75.0
63,63042,0,63042,302.8263924991722,247.2772719439338,6.478649158632679,94.11764705882352,1319.6337720675938,1146.8080647786458,18.716344654017046,58.333333333333336
63,63042,1,63043,325.7625064774276,270.03352385876224,7.083842642167841,98.0392156862745,1255.8503514921294,1075.70751953125,17.505679389212396,58.333333333333336
63,63042,2,63044,257.8955934695511,206.60166302849265,5.583577040955173,94.11764705882352,1003.6434301337013,743.6719563802084,11.755782671008769,91.66666666666666
63,63042,3,63045,310.0456420436345,248.02045036764707,6.509004770108541,96.07843137254902,1230.169479171948,1040.3928629557292,16.868004645686643,58.333333333333336
63,63042,4,63046,279.26551285544934,223.63359757965685,5.8803644131777,96.07843137254902,1321.4774286937454,1141.1813151041667,18.58107352533802,58.333333333333336
64,64042,0,64042,261.83283333818144,214.09920247395834,5.647962923178111,96.07843137254902,1422.1320681036286,1245.6370442708333,20.33516716983166,58.333333333333336
64,64042,1,64043,316.44125895308457,255.0929457720588,6.763575404587343,96.07843137254902,1254.86355425172,1053.1632893880208,17.050577167313953,75.0
64,64042,2,64044,277.9546868313656,222.0617867264093,5.7774653797355615,94.11764705882352,1354.9756489619463,1185.427001953125,19.37379321247231,58.333333333333336
64,64042,3,64045,336.02962271674585,271.1482364430147,7.035874835833768,94.11764705882352,1536.1618087448571,1367.50732421875,22.47065060387514,50.0
64,64042,4,64046,309.7479119904041,253.08973843443627,6.620254951803426,94.11764705882352,1363.9536415918042,1200.9020589192708,19.66557379310212,58.333333333333336
65,65042,0,65042,264.85639078408474,204.08432904411765,5.378274788273956,94.11764705882352,1302.4996560007662,1122.3118489583333,18.270690231160653,58.333333333333336
65,65042,1,65043,304.3008958921609,248.24014820772058,6.493658739819115,94.11764705882352,1353.8507465464072,1186.7550048828125,19.40924032661511,58.333333333333336
65,65042,2,65044,282.40979643940216,229.8195561427696,6.029280438492309,96.07843137254902,1254.813165494562,1066.1290283203125,17.295293840669647,58.333333333333336
65,65042,3,65045,268.4385893783633,221.35959041819854,5.843631079856243,94.11764705882352,1201.7195651176155,1006.002197265625,16.281777885689255,66.66666666666666
65,65042,4,65046,249.67794186497872,195.83012599571077,5.1746440453717035,94.11764705882352,1287.6352470290285,1089.9241129557292,17.655856822781033,58.333333333333336
66,66042,0,66042,290.1168146519927,235.70200003829657,6.163538978349948,94.11764705882352,1353.0534544025943,1185.7543538411458,19.390865835328956,58.333333333333336
66,66042,1,66043,293.74336218171095,239.67093673406862,6.259110112413278,94.11764705882352,1394.6008448948025,1230.2197265625,20.14433793954579,58.333333333333336
66,66042,2,66044,310.71827729515553,255.65426815257354,6.7147906461757545,96.07843137254902,1186.7577247975773,978.5655924479166,15.786694843604204,66.66666666666666
66,66042,3,66045,282.037491831718,225.55160941329657,5.920634861764961,96.07843137254902,1299.2123549040828,1114.279052734375,18.11984887869388,58.333333333333336
66,66042,4,66046,302.27909352685947,245.2538823146446,6.411467790071794,94.11764705882352,1354.0033771333465,1187.412353515625,19.423239308143888,58.333333333333336
67,67042,0,67042,257.8529217296407,207.3890069699755,5.4992028413556975,98.0392156862745,1152.0156863462207,941.5487060546875,15.157208107613062,75.0
67,67042,1,67043,286.38577787420513,235.9379691329657,6.189658803784077,96.07843137254902,1317.039831945642,1139.3006998697917,18.56734207199693,58.333333333333336
67,67042,2,67044,285.20045692824857,229.77380131740196,6.030433688181518,96.07843137254902,1243.2108024939191,1055.5579020182292,17.133405284729616,58.333333333333336
67,67042,3,67045,274.4625901093118,220.55088656556373,5.780514019149842,96.07843137254902,1228.3251076212955,1033.0353597005208,16.717879719868787,58.333333333333336
67,67042,4,67046,285.5736264863882,230.97701727175246,6.048150324580694,94.11764705882352,1291.0012857682107,1112.4861653645833,18.12124319543389,58.333333333333336
68,68042,0,68042,223.38844980553714,180.29912013633577,4.758330199211527,96.07843137254902,1032.012512405502,781.1043294270834,12.387780272293208,91.66666666666666
68,68042,1,68043,300.29800804164995,245.22001857383577,6.426654531369076,98.0392156862745,1305.4417872723536,1130.758056640625,18.4412027618477,58.333333333333336
68,68042,2,68044,314.27504432049915,257.9997510723039,6.760280495278749,98.0392156862745,1272.675573946201,1093.6026204427083,17.804422258926646,58.333333333333336
68,68042,3,68045,316.0247493169227,258.1982804840686,6.76732544421625,98.0392156862745,1332.6267624706954,1166.5256754557292,19.08002072801609,58.333333333333336
68,68042,4,68046,258.2265342219471,210.12455001531862,5.376077578013224,96.07843137254902,1409.6997737288611,1248.7117513020833,20.469511629213464,58.333333333333336
69,69042,0,69042,297.1086448936525,238.66935700061273,6.23508081054077,94.11764705882352,1313.6511206693158,1141.3400472005208,18.628953988491492,58.333333333333336
69,69042,1,69043,265.99963685235537,207.70025275735293,5.441646225842852,96.07843137254902,1188.1351579800967,954.893798828125,15.374172626210688,83.33333333333334
69,69042,2,69044,301.85637989606573,248.31324678308823,6.533329177834624,98.0392156862745,1234.286619157435,1048.9920247395833,17.039559413653148,58.333333333333336
69,69042,3,69045,310.1764535558796,255.00791781556373,6.688736372402648,98.0392156862745,1218.3591581575283,1028.5063069661458,16.678601202689503,66.66666666666666
69,69042,4,69046,299.86284198224206,244.80307904411765,6.412234259425636,94.11764705882352,1307.7002862723527,1132.3523763020833,18.463680396926136,58.333333333333336
70,70042,0,70042,259.33270583166416,209.62665632659315,5.52829392137144,98.0392156862745,1232.2577993499854,1030.8624267578125,16.66898981008584,66.66666666666666
70,70042,1,70043,296.36277285807955,245.99062691482843,6.4589999585969,98.0392156862745,1248.673262675732,1062.4781901041667,17.263339493405617,58.333333333333336
70,70042,2,70044,317.99233360404435,261.8111213235294,6.883777503223771,94.11764705882352,1124.8637250837164,906.9457600911459,14.561715472153319,75.0
70,70042,3,70045,310.7946452239799,256.34919768688724,6.72101660629635,98.0392156862745,1324.4401365919693,1155.1905110677083,18.873778088881117,58.333333333333336
70,70042,4,70046,279.0967065611944,225.99075616574754,5.934675335033303,98.0392156862745,1218.873624435599,1022.205322265625,16.540281093454933,66.66666666666666
71,71042,0,71042,290.3230037887291,240.11739334405638,6.264016379070085,96.07843137254902,1284.370860570663,1108.1302490234375,18.055551904248997,58.333333333333336
71,71042,1,71043,269.35441664252136,210.63633099724265,5.50295714642012,94.11764705882352,1391.407150991749,1216.5913899739583,19.86567535664062,58.333333333333336
71,71042,2,71044,308.3955754876679,252.55950808057597,6.587477328036721,94.11764705882352,1329.421777352159,1155.6515706380208,18.857059142374265,58.333333333333336
71,71042,3,71045,272.03852478358954,212.76910520067403,5.521762476419719,96.07843137254902,1344.3221987597415,1176.8915201822917,19.243028784500904,58.333333333333336
71,71042,4,71046,302.4771566375376,250.62953814338235,6.530874915642845,98.0392156862745,1259.5343648435849,1068.2620849609375,17.332069198483104,66.66666666666666
72,72042,0,72042,244.6909503974941,190.22369504442403,4.9287674510186354,96.07843137254902,1396.8579233971095,1234.1302897135417,20.22146517085266,58.333333333333336
72,72042,1,72043,258.75923868385445,203.86848479626227,5.335342699382213,92.15686274509804,1417.7782357494514,1229.2032470703125,19.999321278162295,58.333333333333336
72,72042,2,72044,294.4776470089903,239.18198050704657,6.250122943626158,94.11764705882352,1338.54540290577,1165.4119873046875,19.020135239091886,58.333333333333336
72,72042,3,72045,301.96813016351274,247.6632582720588,6.509318765135444,98.0392156862745,1242.6419919866366,1052.9651692708333,17.08221646318817,58.333333333333336
72,72042,4,72046,283.61473508061124,226.6552303538603,5.91950213398312,96.07843137254902,1339.209301063312,1179.167236328125,19.323156933652005,58.333333333333336
73,73042,0,73042,294.6179725695207,239.81549191942403,6.26788588161677,94.11764705882352,1325.6533211292658,1158.3098551432292,18.92601193890336,58.333333333333336
73,73042,1,73043,267.30754531414277,212.9131290211397,5.5016250683939365,94.11764705882352,1362.460907763378,1182.5694986979167,19.327442095037853,66.66666666666666
73,73042,2,73044,308.05667552148094,252.3798397288603,6.61067261650797,98.0392156862745,1304.446345267736,1130.7838541666667,18.445639681754365,58.333333333333336
73,73042,3,73045,239.66750574120047,195.12132831648285,5.08035403423456,96.07843137254902,1404.7091318012535,1199.8235677083333,19.429274120393856,58.333333333333336
73,73042,4,73046,243.71041987246528,194.9650208716299,5.127476959604569,96.07843137254902,1099.4404059629694,876.2517903645834,14.040461477837676,75.0
74,74042,0,74042,235.91715765120117,187.46772077971815,4.960979111229789,96.07843137254902,1127.8662291993833,906.1200358072916,14.528018902709409,75.0
74,74042,1,74043,284.954496865235,228.73052619485293,5.983912864051298,94.11764705882352,1293.885967713545,1114.6810302734375,18.15119112068817,58.333333333333336
74,74042,2,74044,310.1088457284237,252.06450578278185,6.599365588054977,96.07843137254902,1333.6289336325171,1165.2149251302083,19.046407513318353,58.333333333333336
74,74042,3,74045,257.742048813286,206.0522891773897,5.43600959274738,98.0392156862745,1363.1749260892027,1185.8498942057292,19.33582558570771,58.333333333333336
74,74042,4,74046,286.08165963938643,231.86207490808823,6.082299900104222,96.07843137254902,1362.0709822336535,1173.956298828125,19.094518337418695,58.333333333333336
75,75042,0,75042,288.17983395146615,234.86488970588235,6.132171843431956,96.07843137254902,1373.2282903737,1210.431884765625,19.824244514906187,58.333333333333336
75,75042,1,75043,306.734557352089,250.81893382352942,6.561156502613179,94.11764705882352,1343.0253395360708,1176.249755859375,19.23445890658979,58.333333333333336
75,75042,2,75044,279.7781234597662,226.08421415441177,5.9353709054719905,96.07843137254902,1218.6237552750804,1020.5183512369791,16.503012171006425,66.66666666666666
75,75042,3,75045,284.2852018297368,229.57134172028185,6.004259126356009,94.11764705882352,1374.7418318900754,1205.0247802734375,19.701784438361226,58.333333333333336
75,75042,4,75046,272.11251471391114,218.13792509191177,5.707358270027948,94.11764705882352,1341.0197792504096,1162.9048258463542,18.953884736448497,58.333333333333336
76,76042,0,76042,263.2385695346379,212.1283270143995,5.552314214495146,94.11764705882352,1330.34275427991,1143.1028238932292,18.573638138522057,58.333333333333336
76,76042,1,76043,341.65602797780195,277.63258272058823,7.267157503285617,98.0392156862745,1389.4817568191063,1237.8885091145833,20.34612479432239,58.333333333333336
76,76042,2,76044,262.4908777600551,208.81336167279412,5.468350060456924,92.15686274509804,1298.3951639083784,1112.444091796875,18.071548083881353,58.333333333333336
76,76042,3,76045,388.9194015047246,324.3261240042892,8.47640809986552,98.0392156862745,1028.4308675756618,800.4746500651041,12.906012507392639,83.33333333333334
76,76042,4,76046,305.02375252353596,248.90983551623773,6.513993540351468,94.11764705882352,1337.748201750429,1168.741455078125,19.1008408796241,58.333333333333336
77,77042,0,77042,295.4751955797655,240.63501933976715,6.307557370263287,96.07843137254902,1290.5311953306616,1107.8993326822917,18.026085316150457,58.333333333333336
77,77042,1,77043,312.72842400752637,256.96688782935047,6.7558436348314475,90.19607843137256,1116.4649878920136,896.2996419270834,14.37935518425301,75.0
77,77042,2,77044,308.3459305855652,251.86069144454657,6.590311786454282,94.11764705882352,1362.2508022177553,1198.6162923177083,19.62504530981206,58.333333333333336
77,77042,3,77045,312.66968144751496,246.6775572533701,6.360348252018866,94.11764705882352,1444.1024079366887,1294.6617024739583,21.304776009206673,58.333333333333336
77,77042,4,77046,292.68511287837464,236.03692267922793,6.192639635657164,96.07843137254902,1256.6786327353009,1069.5390218098958,17.363735550769977,58.333333333333336
78,78042,0,78042,320.23184915877505,262.6553404564951,6.868953808334599,98.0392156862745,1353.760472082471,1193.967529296875,19.56645001726057,58.333333333333336
78,78042,1,78043,262.15988115506406,211.97979856004903,5.577540462908982,98.0392156862745,1190.5465622042705,988.5573323567709,15.965792396165954,66.66666666666666
78,78042,2,78044,278.14658860716855,223.0692928538603,5.859042647694833,98.0392156862745,1287.4057886685725,1105.6755777994792,17.98944096326217,58.333333333333336
78,78042,3,78045,313.72623633876344,257.8820752910539,6.764140544381927,98.0392156862745,1279.3091078789025,1100.7798258463542,17.92774422640688,58.333333333333336
78,78042,4,78046,311.00133544703425,253.29085286458334,6.602811803365751,94.11764705882352,1407.9196190125183,1247.8074951171875,20.46354132423394,58.333333333333336
79,79042,0,79042,296.6937536927049,244.0286745557598,6.379435710906442,96.07843137254902,1241.9638895631042,1055.4869791666667,17.127484418903247,58.333333333333336
79,79042,1,79043,313.4665260885736,257.2488175934436,6.73805834902973,98.0392156862745,1297.620915848181,1124.5741780598958,18.346236974920245,58.333333333333336
79,79042,2,79044,294.2470434761128,238.8777525658701,6.255997067963744,98.0392156862745,1267.692489976918,1090.1664225260417,17.751830313384946,58.333333333333336
79,79042,3,79045,291.67779092973643,234.46183268229166,6.1411078559413514,96.07843137254902,1285.267125502211,1105.4822591145833,17.99623914629917,58.333333333333336
79,79042,4,79046,322.13073598144825,263.57669366574754,6.894233876301479,96.07843137254902,1217.3083566426471,1035.539306640625,16.826762342754233,58.333333333333336
80,80042,0,80042,250.3997580774155,198.4816463694853,5.252966755930184,96.07843137254902,1082.6319730705088,853.7513427734375,13.65152506600096,75.0
80,80042,1,80043,286.5402181076137,215.80960860906862,5.642349156486809,94.11764705882352,1214.4297764956852,1003.1745198567709,16.17156974970568,66.66666666666666
80,80042,2,80044,308.1857646295571,251.8214901194853,6.599834119661804,98.0392156862745,1280.5926079651297,1101.5013427734375,17.93496049266482,58.333333333333336
80,80042,3,80045,230.7041542955725,178.7234556908701,4.716344286422111,94.11764705882352,1391.133146386877,1205.5942789713542,19.62572346190706,58.333333333333336
80,80042,4,80046,309.73890912862606,247.45083199295343,6.4680846190295735,96.07843137254902,1341.3683886712795,1169.4397379557292,19.09633324073692,58.333333333333336
81,81042,0,81042,289.77864601884244,234.23144052542892,6.111455879371213,94.11764705882352,1378.7352314475884,1212.6516520182292,19.843216493409088,58.333333333333336
81,81042,1,81043,262.1533080377826,206.69105679381127,5.397294180612765,94.11764705882352,1335.358515880485,1156.251953125,18.84147573935675,58.333333333333336
81,81042,2,81044,303.4317225754736,242.8567564721201,6.331068581177256,98.0392156862745,1300.0691242745752,1131.0515543619792,18.471134637057816,58.333333333333336
81,81042,3,81045,313.17544938009326,258.60729741115193,6.785958274489517,98.0392156862745,1254.5376477238142,1073.2602132161458,17.45757248703993,58.333333333333336
81,81042,4,81046,317.29309090036804,259.2492867264093,6.783767265206869,94.11764705882352,1355.7313630035592,1192.38916015625,19.523311524132048,58.333333333333336
82,82042,0,82042,264.2320721651247,212.6858628216912,5.591673984624508,98.0392156862745,1203.503293153472,1004.490234375,16.237218357687556,66.66666666666666
82,82042,1,82043,266.4761602304699,212.37112725949754,5.565379921842179,94.11764705882352,1278.0660857534638,1089.7991943359375,17.687034370063984,58.333333333333336
82,82042,2,82044,299.24171639729303,241.4701238893995,6.321450563461014,94.11764705882352,1327.8138825892152,1157.3080240885417,18.899714639814178,58.333333333333336
82,82042,3,82045,243.79503553094617,199.99674479166666,5.234063196231743,96.07843137254902,1166.9138849844524,968.1172688802084,15.611386418648522,66.66666666666666
82,82042,4,82046,290.98572504538276,234.68563304227942,6.111651675550923,94.11764705882352,1355.78689729727,1184.6000162760417,19.35899464597497,58.333333333333336
83,83042,0,83042,296.37055652358094,242.5466500076593,6.366115776753695,98.0392156862745,1236.5059462789204,1046.9125569661458,16.983646068895077,58.333333333333336
83,83042,1,83043,251.70894534638953,199.52407418045343,5.184778334991055,96.07843137254902,1289.0761902686509,1103.0916748046875,17.92017622789725,58.333333333333336
83,83042,2,83044,270.4294315835487,220.56264839920343,5.83644346897069,96.07843137254902,1177.9462564151136,972.8488362630209,15.695453089595327,66.66666666666666
83,83042,3,83045,285.95904029385844,229.8372683057598,6.008405941009256,96.07843137254902,1280.589995852793,1097.1188151041667,17.83789320437111,58.333333333333336
83,83042,4,83046,290.69805342252386,236.34789560355392,6.209990562272312,98.0392156862745,1208.7803325997556,1009.8753255208334,16.329272768618967,66.66666666666666
84,84042,0,84042,289.6573412766296,229.5612601485907,6.012083350970107,94.11764705882352,1305.7057457887106,1129.2522379557292,18.40873067205657,58.333333333333336
84,84042,1,84043,309.06395061190267,253.09920247395834,6.629746305897603,98.0392156862745,1311.4775372107401,1139.0081787109375,18.5894169134713,58.333333333333336
84,84042,2,84044,325.240261133418,266.63294175091914,6.996158384002846,98.0392156862745,1260.5382801750518,1080.3359781901042,17.577637609670678,58.333333333333336
84,84042,3,84045,296.7011300915821,248.56265797334558,6.521475113905035,96.07843137254902,1141.2535451993529,925.2769775390625,14.858580888279624,75.0
84,84042,4,84046,285.1978151922848,233.9575003829657,6.094629035091689,94.11764705882352,1330.6553653289443,1158.8638916015625,18.919897477788552,58.333333333333336
85,85042,0,85042,303.2631995527869,248.04473996629903,6.502343195716695,98.0392156862745,1295.6326478281107,1119.1035970052083,18.238875567513855,58.333333333333336
85,85042,1,85043,444.03915102750057,379.6034773284314,9.982473088982463,90.19607843137256,981.7947240935067,714.917724609375,11.322175647673888,91.66666666666666
85,85042,2,85044,283.3899835996728,230.2997376685049,6.031283430170848,96.07843137254902,1388.3076495971345,1223.2228597005208,20.022321639049355,58.333333333333336
85,85042,3,85045,323.4065377608551,263.09737859987746,6.86286178721256,94.11764705882352,1421.1931881151188,1266.8309326171875,20.813077977598134,58.333333333333336
85,85042,4,85046,302.539964999532,243.44752412683823,6.360354951382396,94.11764705882352,1344.8522278112102,1177.3942464192708,19.250985680747444,58.333333333333336
86,86042,0,86042,330.67526670756183,269.9955480238971,7.058494269517617,96.07843137254902,1372.6787414879989,1216.6433919270833,19.96270478683725,58.333333333333336
86,86042,1,86043,304.5529573320934,249.24883674172793,6.533308445212431,98.0392156862745,1288.3723478215634,1110.80126953125,18.09578318226801,58.333333333333336
86,86042,2,86044,279.8650206916682,211.05522843903185,5.521304726891631,94.11764705882352,1631.016221511407,1465.9574381510417,24.098608862806817,50.0
86,86042,3,86045,296.37237848193524,238.86588541666666,6.251945169147534,94.11764705882352,1349.4741241760987,1181.4475911458333,19.316699822570683,58.333333333333336
86,86042,4,86046,206.5827733780377,167.91962028952207,4.479778419057034,96.07843137254902,880.8261144207511,593.8339029947916,9.266590334204395,91.66666666666666
87,87042,0,87042,299.67471868117894,244.59633501838235,6.385789721947571,94.11764705882352,1364.7051697933703,1199.6060384114583,19.63355227674749,58.333333333333336
87,87042,1,87043,255.0737868099718,197.3380629595588,5.174867238541895,92.15686274509804,1340.8206236284955,1159.2834879557292,18.87329054279834,58.333333333333336
87,87042,2,87044,282.6066921213897,229.9907418045343,6.05946899946339,98.0392156862745,1207.2010800147923,1008.1632486979166,16.301994251980418,66.66666666666666
87,87042,3,87045,289.99437908142414,234.95802217371323,6.155556511854759,96.07843137254902,1281.7360263071528,1097.5030924479167,17.84253002119811,58.333333333333336
87,87042,4,87046,275.39983218849886,223.22566731770834,5.819143305395978,98.0392156862745,1290.9702375252255,1107.6549072265625,17.987784897080417,58.333333333333336
88,88042,0,88042,288.50748920472233,237.04917758118873,6.18703569324699,96.07843137254902,1194.444159555897,994.7462158203125,16.080763141962358,66.66666666666666
88,88042,1,88043,296.9137952023199,244.21685910692403,6.408906208968509,98.0392156862745,1293.0335471274625,1120.5867106119792,18.270928529009122,58.333333333333336
88,88042,2,88044,309.1242900716811,248.25333180147058,6.47693046393054,96.07843137254902,1248.9674661199547,1066.8459879557292,17.345231549974226,58.333333333333336
88,88042,3,88045,303.0539924293741,248.08625823376227,6.513788983700339,98.0392156862745,1275.2767845824208,1094.5881754557292,17.81740323898922,58.333333333333336
88,88042,4,88046,287.72104219819806,232.6804630055147,6.10420629097325,96.07843137254902,1254.4310084129486,1064.614990234375,17.27548656124889,58.333333333333336
89,89042,0,89042,262.0484661902577,207.78652535232843,5.443875352259424,96.07843137254902,1294.8170465028193,1109.9717203776042,18.038379107319123,58.333333333333336
89,89042,1,89043,322.84808069061654,261.78827742034315,6.8441493198474035,98.0392156862745,1297.842350770008,1127.3230387369792,18.408608431041706,58.333333333333336
89,89042,2,89044,302.32939791402396,247.94194240196077,6.504172700031587,98.0392156862745,1294.2092057267744,1116.9139811197917,18.198666900163875,58.333333333333336
89,89042,3,89045,308.6667747060116,250.98077033547793,6.5325355260018565,94.11764705882352,1405.3749214276068,1251.2904052734375,20.549751748179368,58.333333333333336
89,89042,4,89046,263.6653416556751,211.33472637101715,5.54225719347473,94.11764705882352,1314.4617231392795,1123.3699544270833,18.236892759304833,58.333333333333336
90,90042,0,90042,315.5711670084352,252.98572016697304,6.582151843493674,94.11764705882352,1426.5776548521296,1274.3086751302083,20.947882330497862,58.333333333333336
90,90042,1,90043,305.5468508760862,253.47465724571077,6.5985686860072805,94.11764705882352,1327.6450061745486,1167.1355794270833,19.122466032441963,58.333333333333336
90,90042,2,90044,279.97534520401877,224.6016726026348,5.882230327749792,94.11764705882352,1361.0629109816957,1188.8502197265625,19.416125358007253,58.333333333333336
90,90042,3,90045,270.6316380835636,216.90210439644608,5.682576429053658,94.11764705882352,1448.6077920966816,1282.00732421875,21.023074761918114,58.333333333333336
90,90042,4,90046,285.96115200102486,231.38922238817403,6.073294870669237,98.0392156862745,1220.3239765657606,1024.5806070963542,16.585608084307147,66.66666666666666
91,91042,0,91042,296.2200943787506,241.36666570925246,6.314184157340249,94.11764705882352,1338.93055201313,1167.8120524088542,19.0730416217078,58.333333333333336
91,91042,1,91043,316.3032172215813,260.0263432521446,6.825659063411058,98.0392156862745,1320.4493864148012,1158.5946451822917,18.957487389846165,58.333333333333336
91,91042,2,91044,285.7945844426371,227.720703125,5.951306872876465,94.11764705882352,1320.8855705451367,1145.2433268229167,18.673010289511172,58.333333333333336
91,91042,3,91045,307.6630152126447,252.04383999693627,6.601967201997562,98.0392156862745,1294.0796550260934,1108.7093912760417,18.021069327531894,58.333333333333336
91,91042,4,91046,354.8970891168837,289.2069833792892,7.605857233449339,88.23529411764706,848.2549837787848,592.6562093098959,9.324166029177062,91.66666666666666
92,92042,0,92042,237.54710632613111,183.70768229166666,4.827871640909279,94.11764705882352,1278.2341724365842,1064.8747965494792,17.138355587950738,66.66666666666666
92,92042,1,92043,309.6403783941421,253.69802676930146,6.631674115096571,96.07843137254902,1332.8821761044896,1152.384033203125,18.78712137207388,58.333333333333336
92,92042,2,92044,262.48280044510733,210.1775093826593,5.503145314668951,96.07843137254902,1230.9369247970808,1036.3232014973958,16.772640628681348,58.333333333333336
92,92042,3,92045,310.46986264143766,253.86451631433823,6.650915398431874,98.0392156862745,1317.068480157055,1145.7543538411458,18.70715543524463,58.333333333333336
92,92042,4,92046,415.9089106550326,313.9946169385723,8.258302780260257,96.07843137254902,1128.1518434105958,914.5511067708334,14.70716110843256,75.0
93,93042,0,93042,225.84688988449838,188.71129653033088,4.941671757449679,98.0392156862745,1160.8220218144158,935.9528401692709,14.99313173293787,66.66666666666666
93,93042,1,93043,261.4597635363135,210.05804802389707,5.443769267117665,96.07843137254902,1386.9573461088064,1231.2527262369792,20.212903313456255,58.333333333333336
93,93042,2,93044,312.40557649858255,257.1976964613971,6.73160640147098,96.07843137254902,1359.8571791828176,1196.9511311848958,19.600746459044522,58.333333333333336
93,93042,3,93045,292.7221865382125,238.3049747242647,6.250773459132862,98.0392156862745,1295.9064818698214,1120.0155436197917,18.257093014096416,58.333333333333336
93,93042,4,93046,296.6807277289935,242.52642463235293,6.366854576440857,98.0392156862745,1221.64133877261,1027.894287109375,16.651583370601656,66.66666666666666
94,94042,0,94042,306.05835092528827,252.4575913373162,6.612405320957861,98.0392156862745,1303.5987544679454,1124.7486979166667,18.320519613740665,58.333333333333336
94,94042,1,94043,263.24091579482734,210.60971488204657,5.571574616363574,92.15686274509804,1002.2475506678938,738.4378255208334,11.661146218610636,91.66666666666666
94,94042,2,94044,254.37076543349107,202.7761038985907,5.315458075580479,94.11764705882352,1245.557063608044,1050.6226399739583,17.010284681155028,58.333333333333336
94,94042,3,94045,281.0884897945104,225.58266314338235,5.918754471465788,98.0392156862745,1206.4181147457643,1007.39599609375,16.285213979123032,66.66666666666666
94,94042,4,94046,315.81481414533,254.34416168811273,6.6420130430599595,96.07843137254902,1417.6118388651762,1273.1839192708333,20.96849362765296,58.333333333333336
95,95042,0,95042,287.13373475887187,227.44975968903185,5.938322155778092,94.11764705882352,1365.6515357951118,1189.9327392578125,19.422083790550523,58.333333333333336
95,95042,1,95043,304.6131118699303,248.89789656096815,6.494596040073014,94.11764705882352,1393.7931945119662,1232.7138264973958,20.205007696945916,58.333333333333336
95,95042,2,95044,231.09708414836805,183.2776596966912,4.844428496555249,94.11764705882352,1131.192443702225,902.750732421875,14.444029793573263,75.0
95,95042,3,95045,277.6340299932853,220.1747137331495,5.7614991118928565,94.11764705882352,1229.535392589412,1036.0144856770833,16.78106387876501,58.333333333333336
95,95042,4,95046,315.25411871893516,259.76496917126224,6.8172820953402,98.0392156862745,1275.622598451221,1098.7430419921875,17.902119555183475,58.333333333333336
96,96042,0,96042,280.6332471913186,225.44311044730392,5.913471488369973,94.11764705882352,1326.9386211058531,1148.9219970703125,18.729969259074345,58.333333333333336
96,96042,1,96043,234.46039445836658,184.23935834099265,4.7809219644914664,92.15686274509804,1386.3242727845802,1217.6598307291667,19.910773383414977,58.333333333333336
96,96042,2,96044,301.95758996862344,246.80112591911765,6.459008438716693,94.11764705882352,1344.9366356643932,1175.8492024739583,19.21692273676661,58.333333333333336
96,96042,3,96045,248.8610547097924,200.2453421798407,5.2903691042993275,92.15686274509804,1320.3010444226084,1128.0495198567708,18.29371981957765,58.333333333333336
96,96042,4,96046,295.67857525696706,239.53189625459558,6.267655009396113,94.11764705882352,1334.037469316249,1161.4863688151042,18.95981895999696,58.333333333333336
97,97042,0,97042,278.54740901169237,220.07047047334558,5.773383492802191,94.11764705882352,1237.8569267740397,1043.944580078125,16.910790742718483,58.333333333333336
97,97042,1,97043,330.2714955240226,270.2978324142157,7.090305124040479,98.0392156862745,1356.0336089509624,1194.9680582682292,19.58667552369349,58.333333333333336
97,97042,2,97044,318.9371059786243,257.5179563036152,6.714402194937189,94.11764705882352,1396.1490336371535,1238.0099283854167,20.31128502033187,58.333333333333336
97,97042,3,97045,287.8307607962492,232.6834597120098,6.099766359446972,98.0392156862745,1221.3316984154983,1027.8926188151042,16.650765153965864,66.66666666666666
97,97042,4,97046,312.76363298808843,257.0226572074142,6.74109773374769,98.0392156862745,1202.3164375481006,1009.5264485677084,16.349997869241776,66.66666666666666
98,98042,0,98042,270.5244002485926,217.48158413756127,5.697296728573182,94.11764705882352,1318.7311776573586,1139.8422037760417,18.57329963554229,58.333333333333336
98,98042,1,98043,306.0198880940235,250.24326459099265,6.560318034712193,98.0392156862745,1287.769960939486,1110.3129475911458,18.0890968530386,58.333333333333336
98,98042,2,98044,303.3217951990049,247.13393746170343,6.455727422851456,94.11764705882352,1374.000847239753,1209.4420572916667,19.798656541160273,58.333333333333336
98,98042,3,98045,269.9227774326004,216.3631902956495,5.67914036581268,96.07843137254902,1244.3572262520563,1056.7887776692708,17.15645073015045,58.333333333333336
98,98042,4,98046,300.82026411715856,248.94477634803923,6.525256550398533,96.07843137254902,1302.9726385634715,1132.0057779947917,18.47103227942848,58.333333333333336
99,99042,0,99042,320.58501194220725,260.6346603094363,6.824589656554555,96.07843137254902,1350.8976429730653,1187.7349446614583,19.445713733359725,58.333333333333336
99,99042,1,99043,312.70710306345427,255.8289005055147,6.665515717278319,94.11764705882352,1436.7061289927183,1282.7035319010417,21.07783584986832,58.333333333333336
99,99042,2,99044,289.1686958684791,231.38610121783088,6.045432532732232,94.11764705882352,1314.060407387386,1141.0211181640625,18.615994113913555,58.333333333333336
99,99042,3,99045,279.5891258575818,228.34040862438727,6.0101185859453015,94.11764705882352,1393.691683269296,1240.8438313802083,20.374003198794824,58.333333333333336
99,99042,4,99046,265.4773365542395,220.227783203125,5.719525109202291,98.0392156862745,1311.3871159958387,1135.0814208984375,18.504181692490832,58.333333333333336
