order,seasonal_order,AIC,BIC,MAE,RMSE
"(0, 0, 0)","(2, 1, 2)",25916.773737048148,25945.712721439053,65.46987659312461,86.57479264851523
"(0, 0, 2)","(1, 2, 2)",23421.05554034646,23455.747379753066,65.84370579425554,86.58952752822422
"(2, 0, 2)","(1, 1, 0)",22434.456243211465,22469.210336756143,65.56966350293021,86.60641508139065
"(2, 0, 2)","(0, 1, 0)",23150.675293558605,23179.659695272523,65.58696372174465,86.89045827735438
"(0, 0, 0)","(2, 1, 1)",25961.546957115854,25984.69980334724,65.40661481633441,86.96071689780725
"(0, 0, 2)","(1, 1, 2)",23385.554165236434,23420.275967252124,65.3428858034739,87.088985729747
"(0, 0, 1)","(1, 0, 2)",24719.056668804125,24748.018413424692,65.77453023274735,87.0923609354444
"(0, 0, 2)","(2, 1, 2)",23387.541496740472,23428.050265758775,65.33800645080707,87.09515985329926
"(0, 0, 2)","(2, 1, 1)",23412.259887124586,23446.989156471667,65.3371546613864,87.10406657250248
"(0, 0, 2)","(1, 1, 1)",23496.84235650203,23525.80203628672,65.33551108067935,87.10909777005442
"(0, 0, 1)","(2, 1, 1)",24351.495815204777,24380.43687299401,65.36302910535844,87.12891853134829
"(1, 0, 0)","(0, 2, 2)",21556.221158947425,21579.352387998784,65.58330735259607,87.12998333401556
"(1, 0, 0)","(1, 2, 2)",21558.221205998023,21587.135242312223,65.57351133061202,87.14149686333779
"(0, 0, 1)","(1, 1, 2)",24330.747247092237,24359.68415722466,65.35183360008291,87.16181981191235
"(0, 0, 2)","(0, 1, 2)",23536.07241157069,23565.007246583766,65.68451509906956,87.17210520888021
"(0, 0, 1)","(0, 1, 2)",24598.466508362566,24621.616036468506,65.68873420037225,87.18170514128397
"(0, 0, 0)","(1, 1, 2)",25982.23607161566,26005.387259128387,65.37290335867641,87.23342091058416
"(0, 0, 1)","(1, 1, 1)",24459.637924508308,24482.80732020476,65.33604012515114,87.25693035498347
"(1, 0, 0)","(1, 1, 2)",21520.962059664424,21549.90104405533,65.40911149575645,87.36055217796878
"(1, 0, 0)","(0, 1, 2)",21525.776285901677,21548.927473414402,65.46427563171407,87.37662397697262
"(1, 0, 0)","(2, 1, 1)",21526.953375434932,21555.892359825837,65.46420602701936,87.38151030638032
"(1, 0, 0)","(2, 1, 2)",21518.940076421975,21553.666857691063,65.39766092259956,87.39443692824318
"(1, 0, 0)","(0, 1, 1)",21620.84865628449,21638.226941446937,65.43319434263647,87.42303969782833
"(1, 0, 0)","(1, 1, 1)",21622.835482003822,21646.006528887086,65.43311756944956,87.42433611832077
"(0, 0, 1)","(2, 1, 2)",24359.485537180844,24394.209829339754,65.60360469100789,87.48455378271399
"(2, 1, 1)","(2, 0, 2)",21498.530204209783,21544.86569186529,65.50685949581505,87.541852135492
"(2, 1, 1)","(1, 0, 2)",21502.114173445676,21542.657725144243,65.5168660151804,87.56765533335185
"(2, 0, 0)","(0, 2, 2)",21469.6805995263,21498.594635840498,65.5471284763501,87.57497018971675
"(1, 0, 2)","(0, 2, 2)",21455.304197583187,21489.996036989793,65.5035644749401,87.65782837552798
"(0, 0, 1)","(1, 2, 2)",24369.513559399405,24398.42551107734,65.17175810353892,87.72614534464262
"(1, 0, 1)","(0, 2, 2)",21463.412581588105,21492.32453326604,65.47560339458474,87.77203882219023
"(1, 0, 1)","(1, 2, 2)",21465.40730818777,21500.101650201294,65.46387910192159,87.80235651414021
"(1, 0, 2)","(1, 1, 2)",21419.33161521345,21459.840384231753,65.39030345068117,87.8811753594629
"(2, 0, 0)","(1, 1, 2)",21433.283496525786,21468.010277794874,65.37946895191583,87.89996470894552
"(1, 0, 2)","(0, 1, 2)",21424.698501278024,21459.420303293715,65.45943593725679,87.90344865579459
"(2, 0, 1)","(1, 1, 2)",21426.967276119325,21467.478950304718,65.37859362451064,87.90394187043756
"(2, 1, 1)","(0, 0, 1)",21602.913152722467,21631.897554436386,65.44550724213529,87.9075943387417
"(2, 1, 1)","(1, 0, 1)",21604.737589076514,21639.518871133216,65.44275801491432,87.90798088969952
"(2, 1, 1)","(1, 0, 0)",21603.007538026304,21631.991939740223,65.44562792753361,87.90821479474064
"(2, 0, 2)","(1, 1, 2)",21420.637202014696,21466.932938035614,65.38742753853705,87.91461122899243
"(2, 1, 1)","(0, 0, 2)",21505.130166983552,21539.88178272518,65.43965934820068,87.9321050756455
"(2, 1, 1)","(2, 0, 0)",21505.584445343913,21540.33606108554,65.4375281740239,87.9331941853905
"(2, 1, 1)","(2, 0, 1)",21507.484106692093,21548.02765839066,65.43652207472202,87.93427130617954
"(2, 0, 0)","(0, 1, 2)",21438.668165984243,21467.60715037515,65.4414138071447,87.9378924469031
"(1, 0, 2)","(2, 1, 2)",21416.95351387735,21463.24924989827,65.38353508507167,87.94164956613457
"(2, 0, 2)","(2, 1, 2)",21418.49841061536,21470.581113638895,65.37998412955237,87.94789233422685
"(2, 0, 2)","(0, 1, 2)",21426.10759258631,21466.616361604614,65.45268351916086,87.95161067547112
"(1, 0, 2)","(2, 1, 1)",21441.56678349177,21482.081361639037,65.44116826267637,87.95402974572625
"(2, 0, 1)","(0, 1, 2)",21432.745081350597,21467.469373509506,65.43447772627738,87.95558458725984
"(2, 0, 1)","(2, 1, 2)",21424.746789868484,21471.045846080364,65.37438757856754,87.95992791179167
"(2, 0, 0)","(2, 1, 2)",21422.746659322373,21463.258333507765,65.37463273494362,87.96227136287811
"(2, 0, 0)","(2, 1, 1)",21431.222742987193,21465.947035146102,65.4370360742185,87.96356544576467
"(2, 0, 2)","(2, 1, 1)",21435.378595505143,21481.677651717022,65.4384863985256,87.96694291476456
"(2, 0, 1)","(2, 1, 1)",21433.218989209112,21473.730663394505,65.43710540406512,87.96874968958792
"(2, 1, 1)","(0, 0, 0)",21698.073629615817,21721.280831223452,65.42122742110061,87.97503219785847
"(2, 0, 0)","(0, 1, 1)",21533.08413336971,21556.255180252974,65.41579246839319,87.98741374864548
"(2, 0, 0)","(1, 1, 1)",21526.421152271025,21555.38289689159,65.41581317440951,87.98938904089634
"(2, 0, 1)","(0, 1, 1)",21526.423154249147,21555.384898869714,65.41577791580835,87.99252534100589
"(2, 0, 1)","(1, 1, 1)",21528.418345276605,21563.172438821282,65.41579346995518,87.99413268049936
"(1, 0, 2)","(0, 1, 1)",21519.071517270713,21548.031197055403,65.4100165840174,87.99799863808434
"(1, 0, 2)","(1, 1, 1)",21521.06608403008,21555.81769977171,65.41004854323472,87.99960663217621
"(1, 0, 1)","(1, 1, 2)",21427.93326007243,21462.65755223134,65.38010340693876,88.01946209109289
"(2, 0, 2)","(0, 1, 1)",21520.392624891905,21555.144240633534,65.41110877089625,88.0288091780851
"(2, 0, 2)","(1, 1, 1)",21522.387575157813,21562.93112685638,65.41112341533878,88.03077078034642
"(1, 0, 1)","(0, 1, 2)",21433.611111191818,21462.54802132424,65.43909103695489,88.06704573914278
"(1, 0, 1)","(2, 1, 1)",21442.19515963972,21476.921940908807,65.44324301466905,88.07965510630021
"(1, 0, 1)","(2, 1, 2)",21425.823010995642,21466.334685181035,65.37775421062221,88.0824972667228
"(1, 0, 1)","(0, 1, 1)",21527.4187676568,21550.58816335325,65.4178202755343,88.11421983497898
"(1, 0, 1)","(1, 1, 1)",21529.415146306324,21558.37689092689,65.4178718299566,88.11532217887182
"(1, 0, 2)","(2, 2, 2)",21494.40487680244,21540.660662677914,65.2872085118233,88.13800538739963
"(2, 0, 1)","(2, 2, 2)",21493.132527417674,21539.391650102374,65.26605171162528,88.386172496779
"(2, 0, 1)","(1, 2, 2)",21532.18590274231,21572.66263509142,65.20830014751319,88.71052847476057
"(0, 0, 2)","(2, 0, 1)",23534.352859186587,23569.11190526972,64.65676055845269,88.80101650485942
"(2, 0, 1)","(0, 2, 2)",21522.164500958366,21556.85884297189,65.05906419830364,90.02652355460167
"(2, 0, 2)","(1, 2, 1)",22400.995231730456,22441.50400074876,64.54291236911149,90.11550882788589
"(2, 2, 0)","(2, 0, 1)",22337.787135092265,22372.536272007168,68.11118780734151,97.24900730480829
"(2, 2, 0)","(1, 0, 2)",22345.84961066572,22380.601226407347,67.89731611268267,97.49621952704744
"(1, 2, 0)","(2, 0, 1)",22704.99857472094,22733.95825450563,67.2864874633314,99.12746135461283
"(2, 2, 2)","(1, 2, 1)",22509.813955535137,22550.31691059962,76.11475638651555,105.51684662803332
"(0, 2, 2)","(1, 2, 1)",22506.107431469325,22535.03811365824,75.90193617029836,105.54547508870928
"(2, 0, 0)","(1, 2, 2)",21480.120828103394,21514.817671680434,70.83713407499881,105.64645675935363
"(2, 2, 1)","(1, 2, 1)",22518.444429771815,22553.163740610387,76.65673257944961,105.70356888638489
"(1, 2, 1)","(1, 2, 1)",22518.733011840857,22547.665770873,77.57542707016667,105.85364952279046
"(0, 2, 1)","(1, 2, 1)",22617.257090666317,22640.403297892033,78.53143383836844,106.3543428402027
"(1, 0, 1)","(2, 2, 2)",21495.151030744153,21535.627763093264,72.83732340675928,107.7476199731423
"(2, 0, 0)","(2, 2, 2)",21642.847125815155,21683.323858164265,72.33662071910273,108.51120429594248
"(2, 2, 0)","(2, 0, 2)",22334.26873728572,22374.809397019777,90.63310812372244,110.39126745572268
"(1, 2, 2)","(2, 2, 1)",22747.14029001331,22787.614102654352,73.24040037524432,110.51062441783235
"(1, 2, 1)","(2, 2, 1)",22149.488501185,22184.180340591603,74.15058589535954,111.26134709901048
"(2, 2, 2)","(2, 2, 1)",22113.115798534523,22159.368246208407,74.62021177006972,111.76391633346114
"(0, 1, 0)","(0, 2, 1)",23279.50688855106,23291.08165260403,74.83166952855628,111.99019767680224
"(0, 2, 2)","(2, 2, 1)",22159.818254779482,22194.512596793007,74.99598771039439,112.14425204101951
"(0, 2, 1)","(0, 1, 0)",23428.984333605127,23440.5772720913,74.97952030305562,112.14908041577877
"(0, 2, 1)","(2, 2, 1)",22243.89440822949,22272.806359907427,75.17398718977904,112.32287744662084
"(2, 2, 2)","(0, 1, 0)",23188.764059462574,23217.744349334153,75.19910151168408,112.36090937181869
"(1, 2, 1)","(0, 1, 0)",23305.80583825834,23323.195245987597,76.94560130505215,114.02605892964321
"(1, 1, 0)","(0, 2, 1)",23159.226352296384,23176.588498375837,77.00720756600792,114.06923156001655
"(1, 2, 2)","(1, 2, 0)",24684.772607522027,24713.707442535102,84.50850574693683,114.53579934730519
"(1, 1, 2)","(2, 0, 2)",21508.64615374861,21554.978336301818,78.79156788626561,115.89525856382447
"(2, 1, 2)","(2, 0, 2)",21510.349936816132,21562.473642188488,78.7965062830912,115.89998783680542
"(0, 1, 2)","(2, 0, 2)",21507.962371861016,21548.50303159507,78.82192419060065,115.92346177512353
"(1, 1, 1)","(2, 0, 2)",21515.844610214408,21556.388161912975,78.82485227144704,115.92632581242756
"(2, 1, 0)","(2, 0, 2)",21516.062555318742,21556.60610701731,78.83200921112378,115.93303232080098
"(0, 1, 1)","(2, 0, 2)",21515.40692178606,21550.158537527688,78.83483133077239,115.9355290687805
"(1, 1, 0)","(2, 0, 2)",21522.888551385447,21557.642644930125,78.89730869260704,115.99408154741587
"(2, 1, 2)","(2, 0, 1)",21521.94404729391,21568.279534949415,79.15691064393617,116.22579264691508
"(1, 1, 2)","(2, 0, 1)",21528.63204255572,21569.178485024513,79.18914986938246,116.25599719704122
"(2, 1, 0)","(2, 0, 1)",21519.343938813505,21554.095554555133,79.19903785797891,116.26523204111403
"(0, 1, 1)","(2, 0, 1)",21535.18272856846,21564.146537172543,79.21259989207284,116.27790047523611
"(1, 1, 1)","(2, 0, 1)",21527.2783652075,21562.03245875218,79.21382021329907,116.27906828358427
"(0, 1, 2)","(2, 0, 1)",21535.919636266473,21570.67620659137,79.22981405127112,116.29405158354123
"(2, 1, 2)","(1, 0, 2)",21513.865288244077,21560.197470797284,79.30231324046814,116.3608125887375
"(1, 1, 2)","(1, 0, 2)",21512.03001676171,21552.570676495765,79.30633510028991,116.36459068904293
"(1, 1, 0)","(2, 0, 1)",21526.505533884352,21555.46727850492,79.31676645697142,116.37550053502969
"(0, 1, 2)","(1, 0, 2)",21511.28696354777,21546.036100462672,79.32536410831901,116.38243210744231
"(0, 1, 1)","(1, 0, 2)",21518.906550737185,21547.866230521875,79.33835646149473,116.39457684781624
"(1, 1, 1)","(1, 0, 2)",21519.345686922323,21554.09730266395,79.3492101720066,116.40479561862631
"(2, 1, 0)","(1, 0, 2)",21527.761039432233,21562.51513297691,79.40130018314615,116.4536671124234
"(1, 1, 0)","(1, 0, 2)",21526.63189524729,21555.593639867857,79.46881634947785,116.51704264110089
"(2, 0, 2)","(2, 2, 2)",22457.45941684708,22509.49717595699,79.89360923070944,116.83511610174871
"(0, 1, 0)","(2, 0, 2)",21641.246328173936,21670.208072794503,80.11502869215542,117.13713731517186
"(1, 2, 2)","(1, 1, 2)",21540.589433092355,21581.092388156838,82.06815315754665,117.50329222374596
"(0, 0, 0)","(0, 1, 2)",26372.71386541958,26390.077256054123,80.65481400295107,117.6451692312772
"(2, 2, 1)","(2, 0, 2)",21518.412871551907,21564.745054105115,80.77194794661085,117.81935747888106
"(1, 2, 1)","(2, 0, 2)",21517.07183093919,21557.612490673244,80.79998453525042,117.84669782275355
"(2, 2, 2)","(2, 0, 2)",21511.992017665867,21564.112003261358,80.98283644928374,118.026796998483
"(1, 2, 2)","(2, 0, 2)",21510.355914509313,21556.684790594194,81.0536079169086,118.09157830977838
"(0, 2, 2)","(2, 0, 2)",21509.682320483575,21550.220087057845,81.27151810655816,118.29024695713011
"(2, 2, 1)","(0, 1, 0)",23305.238793778837,23328.42467075118,81.69610321864904,118.48391941250983
"(0, 2, 2)","(1, 0, 2)",21513.03110953439,21547.77776659805,81.63526577487713,118.59673614278204
"(2, 2, 2)","(1, 0, 2)",21515.53147897174,21561.860355056622,81.69659088260242,118.6470796280511
"(2, 2, 2)","(2, 1, 0)",22131.974592253777,22172.480454898778,81.77919265882225,118.6703346874381
"(2, 1, 0)","(0, 2, 1)",23158.459393975925,23181.608922081865,81.96821774659793,118.71552895186365
"(1, 1, 2)","(0, 2, 1)",23140.414720498447,23169.347479530592,82.0548455596398,118.79443691097194
"(0, 1, 0)","(2, 0, 1)",21653.960083313537,21677.1311301968,81.97303936018116,118.90538225951786
"(0, 1, 0)","(1, 0, 2)",21645.418423182244,21668.587818878696,82.00311442877623,118.93353086726147
"(0, 0, 2)","(0, 1, 1)",23912.523023362377,23935.690767190128,82.22255708148033,119.11992104192664
"(1, 0, 1)","(2, 0, 2)",21514.1079958804,21554.654438349193,82.15991825799955,119.13136797728693
"(1, 0, 2)","(2, 0, 2)",21506.70400827905,21553.039495934558,82.21310690504158,119.17969881419428
"(2, 0, 2)","(2, 0, 2)",21507.579994767795,21559.707418380236,82.21474349858306,119.18112514056008
"(2, 0, 1)","(2, 0, 2)",21514.374647486467,21560.71343887937,82.21502375736587,119.18128859818971
"(0, 0, 0)","(1, 1, 1)",26511.943479826812,26529.32176498926,82.27757182446315,119.19526399811001
"(2, 0, 0)","(2, 0, 2)",21513.30856209248,21553.855004561272,82.2756306731278,119.2361304548854
"(2, 2, 1)","(1, 0, 2)",21521.837103695245,21562.3777634293,82.47651808382153,119.25949549169263
"(2, 1, 2)","(0, 2, 1)",23141.59477116332,23176.314082001893,82.61038668867988,119.27930819431364
"(1, 2, 1)","(1, 0, 2)",21520.696910871542,21555.446047786445,82.56632190237646,119.3317150748376
"(1, 0, 1)","(2, 0, 1)",21525.06678726028,21559.823357585177,82.47741444028107,119.40810047711055
"(2, 0, 2)","(2, 0, 1)",21518.03288232707,21564.371673719972,82.4959275546723,119.42508992856496
"(1, 0, 1)","(1, 0, 2)",21517.201291248817,21551.955384793495,82.50770464782913,119.43464937069271
"(1, 0, 2)","(2, 0, 1)",21525.182327270893,21565.73165931661,82.51338816929083,119.44086426103759
"(2, 0, 2)","(1, 0, 2)",21509.89512688032,21556.230614535827,82.52315418945045,119.44888199170049
"(2, 0, 1)","(2, 0, 1)",21516.866764437866,21557.413206906658,82.52499175630687,119.45128748412696
"(1, 0, 2)","(1, 0, 2)",21509.257279570815,21549.800831269382,82.53588631675935,119.46045207936173
"(2, 0, 0)","(2, 0, 1)",21515.35530037015,21550.109393914827,82.53926609913272,119.4643392295403
"(2, 0, 1)","(1, 0, 2)",21516.887357899246,21557.43380036804,82.54089893641816,119.46493971471044
"(0, 2, 1)","(2, 0, 2)",21634.700778642822,21669.449915557725,82.69776650314641,119.4810326132396
"(2, 0, 0)","(1, 0, 2)",21523.45328544655,21558.20985577145,82.56930577132874,119.4906456719425
"(0, 0, 2)","(1, 1, 0)",23978.123642851097,24001.296340239853,82.64361532732462,119.54555371906461
"(2, 0, 1)","(2, 1, 0)",22128.824959216297,22163.549251375207,82.6722135470878,119.55719785609003
"(0, 2, 0)","(0, 0, 2)",23787.251696994113,23804.627504864926,82.67778571742947,119.5607466056792
"(2, 0, 2)","(2, 1, 0)",22130.964975647876,22171.47664983327,82.67681312856696,119.56145561355177
"(1, 0, 2)","(2, 1, 0)",22137.3182052325,22172.044986501587,82.67731731504456,119.5619200803785
"(0, 0, 2)","(2, 1, 0)",23845.85301560278,23874.794073392015,82.67013785096164,119.56748498304941
"(0, 2, 0)","(1, 1, 0)",24778.636593371983,24790.22129122021,82.68594869343374,119.56853439903824
"(0, 2, 0)","(2, 1, 0)",24344.33544581731,24361.697591896762,82.68715299260548,119.57131389000948
"(0, 1, 0)","(1, 1, 0)",22662.512100589127,22674.09762403076,82.68993644618257,119.57253536137678
"(1, 1, 0)","(1, 1, 0)",22554.70635895134,22572.08340572368,82.69205550652073,119.57465773105608
"(0, 1, 0)","(2, 1, 0)",22268.077283762144,22285.440674396687,82.69106813384263,119.5750317422792
"(1, 0, 0)","(1, 1, 0)",22566.53746046969,22583.91574563214,82.69407450233972,119.57667768084636
"(1, 1, 0)","(2, 1, 0)",22174.34544249982,22197.49497060576,82.69300768218628,119.57687689868564
"(1, 0, 0)","(2, 1, 0)",22200.194656645588,22223.345844158313,82.69320606886671,119.57707642553461
"(2, 0, 0)","(1, 1, 0)",22489.275267134646,22512.444662831098,82.69475068064978,119.5773537235217
"(2, 0, 0)","(2, 1, 0)",22127.01892499946,22155.95583513188,82.69439420454711,119.57820511644742
"(1, 0, 2)","(1, 1, 0)",22499.442541631215,22528.4063502353,82.70639260249133,119.58541732862477
"(2, 0, 1)","(1, 1, 0)",22491.246377754942,22520.20812237551,82.71089731812944,119.58867773477392
"(0, 0, 2)","(0, 1, 0)",24176.828471762074,24194.219112790423,82.66719503349206,119.58983336975767
"(1, 0, 1)","(2, 1, 0)",22138.480553728798,22167.419538119702,82.78480654359649,119.64176700992758
"(2, 0, 2)","(1, 0, 1)",21615.731743136148,21656.309905535632,82.75028120281627,119.6507389327986
"(1, 0, 0)","(2, 0, 2)",21628.715505916236,21663.472076241134,82.75361521732059,119.66773932669682
"(1, 0, 1)","(1, 1, 0)",22499.695501149567,22522.86654803283,82.83746747159105,119.67763033949169
"(1, 1, 0)","(0, 0, 2)",21532.850537184346,21556.019932880798,82.81331676240345,119.69990845384287
"(2, 1, 2)","(0, 0, 2)",21520.689693429893,21561.230353163948,82.8145229070974,119.70106860617817
"(1, 1, 2)","(0, 0, 2)",21518.861395117652,21553.610532032555,82.81501980441386,119.70154481411622
"(2, 1, 0)","(0, 0, 2)",21534.22095173449,21563.182696355056,82.81646371360172,119.70292966870306
"(1, 1, 1)","(0, 0, 2)",21526.092961189686,21555.052640974376,82.81678406521647,119.70323746919097
"(0, 1, 2)","(0, 0, 2)",21517.98050075835,21546.938114854103,82.81869946256879,119.70507610868607
"(0, 1, 1)","(0, 0, 2)",21525.66586705568,21548.83361088343,82.82476980875687,119.7109041325404
"(1, 0, 2)","(0, 1, 0)",23194.713258909338,23217.900780280474,82.83429986581426,119.72147311914264
"(2, 0, 1)","(0, 1, 0)",23204.192686347676,23227.381851441867,82.83358395470852,119.72153457817645
"(0, 0, 2)","(2, 0, 2)",23692.6370683173,23733.180620015868,82.82768161550138,119.7373544835858
"(1, 0, 0)","(2, 0, 1)",21634.233543665643,21663.197352269726,82.8562265007047,119.74738372103452
"(1, 0, 0)","(1, 0, 2)",21633.80353250698,21662.767341111063,82.85795265483942,119.74877794298035
"(0, 0, 0)","(0, 0, 1)",27640.163485143654,27651.75888921469,82.74803451929833,119.75257642284993
"(1, 0, 0)","(1, 0, 1)",21730.470284421637,21753.661092563703,82.86652924022695,119.76065141964207
"(0, 1, 0)","(0, 0, 2)",21646.385862757932,21663.762909530273,82.87682553520364,119.76091886697795
"(1, 0, 1)","(1, 0, 1)",21623.146620510837,21652.133076878574,82.88294663563227,119.76911387519493
"(2, 0, 1)","(1, 0, 1)",21622.76616725653,21657.549914897816,82.88293289763085,119.76914185569235
"(2, 0, 0)","(1, 0, 1)",21621.037922552998,21650.024378920734,82.88367415704434,119.76981620803836
"(1, 0, 2)","(1, 0, 1)",21614.960524174945,21649.741806231646,82.88436970968348,119.77041994453751
"(0, 0, 1)","(0, 0, 1)",25648.982435391765,25666.374309212406,82.83463885698139,119.77451651015875
"(0, 0, 2)","(0, 0, 1)",24424.131261801213,24447.318783172348,82.8488913435265,119.7802249037058
"(0, 0, 2)","(1, 0, 1)",23799.311194425194,23828.295596139113,82.88838506054444,119.7807187450375
"(0, 0, 2)","(1, 0, 2)",23693.343869742348,23728.095485483977,82.88784563296977,119.7813686737569
"(0, 0, 2)","(2, 0, 0)",23717.651523497534,23746.61739523348,82.88883241993794,119.78160467695535
"(0, 0, 2)","(1, 0, 0)",23848.689501125198,23871.881951640516,82.89450259162064,119.78636548089158
"(2, 0, 2)","(0, 0, 2)",21513.989187230796,21554.532738929363,82.90399787893055,119.78783393218453
"(2, 0, 1)","(0, 0, 2)",21520.656625520387,21555.410719065065,82.9043276171727,119.78812536831435
"(2, 0, 0)","(0, 0, 2)",21526.90962501547,21555.873433619552,82.9044848911629,119.78827387085899
"(1, 0, 2)","(0, 0, 2)",21513.093071602914,21547.844687344543,82.90459060859685,119.7883500420394
"(1, 0, 1)","(0, 0, 2)",21521.038645740635,21550.0003903612,82.90486628931068,119.78855996856565
"(0, 0, 0)","(2, 0, 2)",26275.343541605027,26304.30735020911,82.90319633948732,119.7896473605366
"(2, 1, 2)","(1, 0, 1)",21622.13591711988,21662.71120182148,82.91022923951031,119.79317556486349
"(1, 1, 0)","(1, 0, 1)",21633.97834507694,21657.16751017113,82.91045499764142,119.79339028805286
"(1, 0, 0)","(0, 0, 2)",21631.347190097364,21654.518236980628,82.91123137765238,119.79413850246763
"(0, 0, 1)","(0, 0, 0)",26995.766810957597,27007.37122959009,82.91033839607782,119.79436945070555
"(0, 1, 0)","(1, 0, 1)",21747.100442212515,21764.492316033156,82.91161091162652,119.79450227845281
"(1, 1, 2)","(1, 0, 1)",21620.277927081734,21655.05674254025,82.91168609695744,119.79456960868185
"(0, 0, 2)","(0, 0, 0)",25373.176459338752,25390.58186054448,82.9113510150518,119.79457647634767
"(0, 2, 0)","(0, 0, 1)",23897.0707379786,23908.664498664166,82.91169565451015,119.7945796641306
"(0, 2, 0)","(2, 0, 0)",23796.220068468152,23813.597115240493,82.91168241978703,119.79462137323345
"(0, 1, 1)","(0, 0, 0)",21718.535295166086,21730.138895969903,82.91176470307212,119.79465000278353
"(0, 2, 0)","(0, 1, 0)",25607.984368896818,25613.7812492396,82.91176470354694,119.7946500031032
"(1, 0, 1)","(0, 0, 0)",21713.395453026988,21730.80208097573,82.91176470564967,119.79465000528029
"(1, 1, 0)","(0, 1, 0)",23314.685504070367,23326.280086617462,82.9117647058739,119.79465000546818
"(1, 0, 2)","(0, 0, 0)",21705.23658139923,21728.443783006864,82.91176470587288,119.79465000546867
"(2, 0, 0)","(0, 1, 0)",23202.63741606608,23220.029289886723,82.91176470588205,119.79465000547634
"(1, 1, 1)","(0, 0, 0)",21719.101201566697,21736.506602772424,82.91176470588225,119.79465000547653
"(1, 0, 0)","(0, 0, 0)",21824.2493920013,21835.854628128185,82.91176470588235,119.79465000547663
"(1, 1, 0)","(1, 0, 0)",21632.11805297245,21649.509926793093,82.91176470588235,119.79465000547663
"(1, 0, 0)","(0, 1, 0)",23279.1578807831,23290.753284854134,82.91176470588235,119.79465000547663
"(1, 0, 0)","(1, 0, 0)",21729.43633972323,21746.82944582978,82.91176470588235,119.79465000547663
"(1, 1, 0)","(0, 0, 0)",21726.215364043594,21737.819782676088,82.91176470588235,119.79465000547663
"(0, 0, 0)","(0, 0, 0)",29606.16904089813,29611.971658961575,82.91176470588235,119.79465000547663
"(0, 1, 0)","(0, 1, 0)",23438.29867718734,23444.095968460886,82.91176470588235,119.79465000547663
"(2, 2, 0)","(0, 0, 0)",22539.99080573442,22557.39497969529,82.91176470588235,119.79465000547663
"(1, 2, 0)","(0, 0, 0)",22909.982174634162,22921.58577543798,82.91176470588235,119.79465000547663
"(2, 0, 0)","(1, 0, 0)",21617.2341878844,21640.423352978592,82.91176470588235,119.79465000547663
"(0, 1, 0)","(1, 0, 0)",21753.21219278412,21764.807596855157,82.91176470588235,119.79465000547663
"(2, 1, 0)","(0, 0, 0)",21719.28125366391,21736.686654869638,82.91176470588235,119.79465000547663
"(0, 2, 0)","(0, 0, 0)",24003.083760880203,24008.885561282113,82.91176470588235,119.79465000547663
"(0, 2, 0)","(1, 0, 0)",23906.044617825857,23917.639200372952,82.91176470588235,119.79465000547663
"(0, 1, 0)","(0, 0, 0)",21840.12466460777,21845.926873924018,82.91176470588235,119.79465000547663
"(2, 0, 0)","(0, 0, 0)",21711.369305338278,21728.77593328702,82.91176470588235,119.79465000547663
"(0, 0, 0)","(1, 0, 0)",26453.137117856597,26464.733343114258,82.91176470588235,119.79465000547663
"(0, 0, 0)","(0, 1, 0)",26639.63384374046,26645.431545775977,82.91176470588235,119.79465000547663
"(2, 0, 1)","(0, 0, 0)",21713.0833464166,21736.292183681588,82.91176470588235,119.79465000547663
"(0, 1, 2)","(0, 0, 0)",21711.417531155785,21728.821705116658,82.91176470591188,119.79465000549706
"(1, 1, 0)","(0, 0, 1)",21632.115552417126,21649.507426237768,82.91176475476759,119.79465002190952
"(0, 1, 0)","(0, 0, 1)",21745.24888784087,21756.843470387965,82.91176482426499,119.79465004406244
"(2, 0, 2)","(0, 0, 0)",21706.404402402994,21735.41340441254,82.91176479837024,119.79465006473134
"(2, 1, 2)","(0, 0, 0)",21714.262479165795,21743.26943576725,82.91176506694163,119.79465025518267
"(1, 0, 0)","(0, 0, 1)",21729.430402824735,21746.823508931284,82.91176550460939,119.7946502740711
"(2, 0, 0)","(0, 0, 1)",21625.136078129734,21648.3268862718,82.9117657890899,119.79465036135902
"(1, 1, 2)","(0, 0, 0)",21712.531398829407,21735.736964110572,82.91176952848112,119.79465334128041
"(1, 0, 0)","(2, 0, 0)",21631.468197994232,21654.639244877497,82.91189629030939,119.79469419742114
"(2, 0, 1)","(1, 0, 0)",21618.942391717464,21647.9288480852,82.91186055427151,119.79471140999239
"(2, 0, 2)","(1, 0, 0)",21620.424561073443,21655.20830871473,82.91186620231794,119.7947155948194
"(2, 0, 1)","(0, 0, 1)",21618.926536367828,21647.912992735564,82.91187180359027,119.7947182545808
"(2, 0, 2)","(0, 0, 1)",21612.33969699171,21647.12097904841,82.9118799888303,119.79472411774523
"(0, 1, 0)","(2, 0, 0)",21654.752395814958,21672.130680977407,82.91202203332722,119.79473575375674
"(1, 0, 2)","(1, 0, 0)",21627.180799833222,21656.169310010806,82.9119017729506,119.79473760650417
"(1, 0, 2)","(0, 0, 1)",21611.210837873463,21640.19523958738,82.9119144033192,119.79474531077356
"(2, 0, 0)","(2, 0, 0)",21519.498419112846,21548.460163733413,82.91212357256563,119.79476751206055
"(1, 1, 0)","(2, 0, 0)",21533.75237819911,21556.921773895563,82.91220694383908,119.79479400553846
"(2, 1, 0)","(1, 0, 1)",21627.237666862296,21656.222068576215,82.91198320774802,119.79479881526746
"(2, 0, 1)","(2, 0, 0)",21521.199793481726,21555.953887026404,82.91221977486958,119.79482960137751
"(2, 0, 2)","(2, 0, 0)",21522.612948451315,21563.159390920107,82.91223340453988,119.7948374094761
"(2, 1, 0)","(1, 0, 0)",21625.33397523036,21648.521496601494,82.91205189388958,119.79484872998762
"(1, 0, 2)","(2, 0, 0)",21529.503182983342,21564.25975330824,82.9122557315475,119.79485415819524
"(2, 1, 0)","(0, 0, 1)",21633.413867299452,21656.603032393643,82.91210130569652,119.79488289119656
"(1, 0, 1)","(1, 0, 0)",21627.131508821618,21650.322316963684,82.91214028787533,119.79489290030901
"(1, 1, 1)","(1, 0, 1)",21627.061277876837,21656.045679590756,82.91214068095312,119.7949076789143
"(1, 1, 1)","(1, 0, 0)",21633.240581555692,21656.429746649883,82.91213716191251,119.79490776161515
"(1, 0, 1)","(0, 0, 1)",21619.221775287595,21642.410940381786,82.91217323371872,119.79491377016161
"(1, 1, 2)","(1, 0, 0)",21634.51774597661,21663.504202344346,82.91216934814885,119.79493017785641
"(0, 1, 1)","(1, 0, 1)",21626.474011983904,21649.66153335504,82.91218852385767,119.7949401110576
"(2, 1, 2)","(1, 0, 0)",21628.193839698746,21662.975121755448,82.91221571099987,119.79496245475816
"(1, 1, 1)","(0, 0, 1)",21625.153732519706,21648.34125389084,82.91222444687111,119.79496813153011
"(0, 1, 2)","(1, 0, 0)",21641.412642852505,21664.60345099457,82.91223656299346,119.79497651804886
"(1, 0, 1)","(2, 0, 0)",21529.495077084808,21558.45888568889,82.91249342502786,119.79501308034395
"(2, 1, 0)","(2, 0, 0)",21527.13091747638,21556.09059726107,82.91252146239535,119.79501365584457
"(2, 1, 2)","(0, 0, 1)",21620.287189442417,21655.066004900935,82.91230572302084,119.79502475983486
"(1, 1, 2)","(0, 0, 1)",21618.43946664307,21647.4218128585,82.91230838648816,119.79502638997118
"(0, 1, 2)","(1, 0, 1)",21619.4103897007,21648.39273591613,82.9123324968196,119.79504020153328
"(0, 1, 2)","(0, 0, 1)",21617.514666315008,21640.700543287352,82.9123608743805,119.7950624987333
"(1, 1, 1)","(2, 0, 0)",21534.93437916539,21563.896123785955,82.91261967300974,119.79508258897047
"(1, 1, 2)","(2, 0, 0)",21536.19811687592,21570.952210420597,82.91265810394954,119.79510606570899
"(2, 1, 2)","(2, 0, 0)",21529.96410164192,21570.507653340486,82.91270355143587,119.79513832081234
"(0, 1, 2)","(2, 0, 0)",21543.227226020113,21572.191034624197,82.91273557271114,119.79516536456104
"(0, 1, 1)","(1, 0, 0)",21640.59506664053,21657.98817274708,82.91280062611136,119.79536700552322
"(0, 1, 1)","(0, 0, 1)",21624.58336754522,21641.97400857357,82.91302409771976,119.79552162227607
"(0, 1, 1)","(2, 0, 0)",21542.481855494174,21565.65290237744,82.91337835787401,119.7956150934686
"(0, 0, 0)","(1, 0, 1)",26404.005026031024,26421.398132137572,82.92239280228503,119.80145647584366
"(0, 0, 0)","(2, 0, 0)",26290.579475993633,26307.9589990352,82.9255241861493,119.80390723590503
"(0, 0, 0)","(2, 0, 1)",26291.995023660962,26315.16772104972,82.9258738875252,119.80420725011876
"(0, 0, 1)","(2, 0, 0)",24650.91134991369,24674.084047302447,82.93050998245067,119.80442034735566
"(0, 0, 1)","(1, 0, 1)",24745.060402165866,24768.249567260056,82.93070907682834,119.80454630792227
"(0, 0, 1)","(1, 0, 0)",24763.395454430483,24780.789792316973,82.93250918567557,119.80572640416158
"(0, 0, 2)","(0, 0, 2)",24043.080631674362,24072.04031145905,82.99373107747202,119.80761708344913
"(0, 0, 0)","(1, 0, 2)",26275.14910026348,26298.320147146744,82.92958097215565,119.80823261852339
"(0, 0, 1)","(2, 0, 1)",24652.875447885534,24681.84131962148,82.93833060685512,119.80916140016784
"(0, 0, 1)","(0, 1, 1)",24856.06760155555,24873.44464832789,83.01305669872254,119.81901667038692
"(0, 0, 1)","(0, 0, 2)",25116.80583107235,25139.9752267688,83.07173085169369,119.8266763631792
"(0, 0, 0)","(1, 1, 0)",26526.0913944189,26537.67774311328,82.95717511758576,119.82842937330416
"(0, 0, 0)","(2, 1, 0)",26396.23145318871,26413.59608786225,82.95868593409381,119.82894009894015
"(0, 0, 0)","(0, 1, 1)",26515.289800763487,26526.87532420512,82.96295306075507,119.83264071007412
"(0, 0, 0)","(0, 0, 2)",26945.001297633957,26962.379582796406,83.13011112818744,119.844898091129
"(0, 0, 1)","(2, 1, 0)",24760.659257755906,24783.812103987293,83.04837877335534,119.8558085026811
"(0, 0, 1)","(1, 1, 0)",24882.006213255143,24899.38573629671,83.05766488494329,119.86245291519224
"(1, 2, 2)","(0, 1, 0)",23295.21548193288,23318.399713830142,83.33954458008682,119.89717179324074
"(2, 1, 0)","(2, 1, 0)",22167.80235893434,22196.737193947414,83.17055816835081,119.91080172608899
"(1, 0, 1)","(0, 1, 0)",23207.50698215035,23224.89885597099,83.14592650437717,119.9548439937515
"(0, 0, 1)","(0, 1, 0)",25012.58900676034,25024.183589307435,83.1719822492478,119.96534936426268
"(1, 1, 2)","(2, 1, 0)",22177.486069981947,22212.210362140857,83.25736664503103,119.97172826319999
"(1, 1, 1)","(2, 1, 0)",22175.953612936708,22204.89052306913,83.30935593526054,120.00817465747502
"(2, 1, 2)","(2, 1, 0)",22170.808580213354,22211.317349231656,83.31928120539936,120.01535177978495
"(0, 0, 1)","(2, 0, 2)",24656.630673964602,24691.38476750928,83.41994589117573,120.0868750144275
"(1, 1, 1)","(0, 2, 1)",23148.495002251497,23171.642870261956,83.63141688561565,120.13518459464692
"(0, 1, 2)","(2, 1, 0)",22184.521215734312,22213.460200125217,83.52173402314585,120.1574168788075
"(0, 2, 0)","(1, 0, 1)",23898.805420393946,23916.196061422295,83.51560755065796,120.20682326815539
"(0, 1, 2)","(0, 2, 1)",23139.282003858447,23162.428211084163,83.8635575216471,120.32729524270754
"(0, 1, 0)","(2, 2, 1)",22234.498699812008,22257.629928863367,83.96489246158961,120.4011059013634
"(0, 1, 1)","(2, 1, 0)",22183.2209845541,22206.372172066825,84.16253596781294,120.60982030996759
"(0, 0, 2)","(2, 2, 2)",23761.848278166977,23802.32209080802,84.3386115558668,120.73254494340593
"(0, 2, 1)","(1, 0, 0)",21754.076562979113,21771.468436799754,84.68324016676728,121.01107744740824
"(0, 2, 1)","(1, 0, 2)",21636.96256175305,21665.920175848805,84.86454019158526,121.11432004610356
"(0, 0, 0)","(2, 2, 2)",26321.184317517902,26350.0983538321,84.9510150911754,121.16275900193601
"(0, 2, 2)","(1, 0, 0)",21641.727035836375,21664.916200930566,84.95042915345395,121.1964958612803
"(0, 1, 1)","(0, 2, 1)",23146.667206628073,23164.028107635917,84.9816599220219,121.23301059641557
"(0, 2, 2)","(0, 1, 0)",23293.472282730447,23310.860456653394,85.01052119079914,121.26276622860655
"(2, 1, 0)","(1, 1, 0)",22546.04963119942,22569.217375027172,85.12664567775016,121.2908722994674
"(1, 1, 2)","(1, 1, 0)",22555.54793223977,22584.509676860336,85.15674251275738,121.31225585004098
"(0, 2, 2)","(2, 0, 1)",21543.730244602317,21578.484338146995,85.1922871158529,121.35035391548612
"(2, 2, 2)","(1, 0, 0)",21628.150614164053,21662.92942962257,85.22833111302864,121.38984232180586
"(2, 1, 2)","(1, 1, 0)",22548.920157456654,22583.671773198283,85.28660570901899,121.40426384255429
"(0, 2, 1)","(2, 1, 0)",22269.57923445308,22292.728762559018,85.37746619846159,121.42201184895482
"(0, 0, 2)","(0, 2, 2)",23754.280819302207,23783.19068547438,85.43426874166606,121.4938292803911
"(2, 1, 1)","(0, 1, 0)",23202.948641099545,23226.13616247068,85.41965923278828,121.52275377411473
"(2, 0, 2)","(0, 2, 1)",23022.768419736236,23057.490221751927,85.52750503953176,121.59022377943471
"(1, 1, 1)","(1, 1, 0)",22553.868207135536,22577.037602831988,85.59027249141207,121.61859975458331
"(1, 0, 2)","(0, 2, 1)",23040.420192418627,23069.355027431702,85.56293485086978,121.62201574283104
"(1, 1, 0)","(2, 2, 1)",22140.569741505016,22169.481693182952,85.72644586936349,121.6427998500999
"(2, 0, 1)","(0, 2, 1)",23049.815178401084,23078.752088533507,85.60704512607047,121.65316811991629
"(0, 1, 2)","(1, 1, 0)",22562.29510549569,22585.466152378955,85.64410549572091,121.65666966797451
"(1, 2, 1)","(1, 0, 1)",21625.54811240495,21654.530458620382,85.70367456928561,121.71173962557268
"(2, 2, 2)","(1, 0, 1)",21621.475727627687,21662.0481334479,85.69209171773257,121.71369968812256
"(0, 2, 1)","(1, 0, 1)",21739.63318847037,21762.819065442713,85.70696309592674,121.72415879011527
"(2, 1, 2)","(2, 1, 2)",21438.73288800545,21490.811854263306,85.77018886473192,121.7254670828265
"(1, 2, 1)","(1, 0, 0)",21632.74835818945,21655.935879560584,85.7117444810657,121.72751002438899
"(0, 0, 2)","(1, 2, 1)",23904.17686963033,23933.111704643405,85.73166709114888,121.73213602542073
"(2, 0, 0)","(0, 2, 1)",23057.204911523862,23080.356099036588,85.72215907301951,121.73327904424231
"(0, 2, 2)","(1, 0, 1)",21617.528215131075,21646.508505002654,85.75937503657812,121.75081886686777
"(0, 1, 2)","(2, 1, 2)",21436.64531795762,21477.15118060262,85.820264944194,121.7614692235232
"(1, 1, 2)","(2, 1, 2)",21437.06202294443,21483.354437395858,85.831150279881,121.76880518488558
"(2, 2, 1)","(1, 0, 1)",21628.008394875622,21662.78721033414,85.78397600121248,121.77809849801352
"(0, 0, 2)","(0, 2, 1)",24015.117453507424,24038.265321517883,85.77614197521753,121.78014603532947
"(1, 2, 2)","(1, 0, 0)",21633.95169976046,21662.936101474377,85.79938905386959,121.78890284486641
"(2, 2, 1)","(0, 0, 1)",21626.139645344127,21655.121991559558,85.81005823481976,121.79637881234083
"(0, 2, 1)","(0, 0, 1)",21737.8282419057,21755.217649634957,85.81276530447036,121.79827177331177
"(2, 2, 1)","(1, 0, 0)",21626.14730348609,21655.12964970152,85.81699704094898,121.80124209882115
"(1, 2, 1)","(0, 0, 1)",21624.843370301627,21648.02924727397,85.8263140562419,121.80777033496639
"(1, 0, 1)","(0, 2, 1)",23052.72960570018,23075.87913380612,85.8480195783402,121.82101121211488
"(2, 1, 1)","(2, 1, 2)",21446.430558845972,21492.72629486689,85.94804567971593,121.85153315328373
"(1, 0, 0)","(0, 2, 1)",23122.878623817116,23140.242014451658,85.90741446757411,121.86499923276249
"(0, 1, 1)","(2, 1, 2)",21444.005532085885,21478.727334101575,85.98924770323924,121.88102776732117
"(2, 1, 0)","(2, 2, 1)",22133.362114706473,22168.05395411308,86.07168755206386,121.89411239752253
"(0, 0, 0)","(0, 2, 2)",26327.741744547457,26345.090166335976,85.95560200872269,121.89717358640769
"(2, 1, 0)","(2, 1, 2)",21444.63136377696,21485.140132795263,86.01388447709735,121.89844176349357
"(1, 1, 1)","(2, 1, 2)",21444.5331987931,21485.0419678114,86.01924457411644,121.90219502480436
"(0, 0, 0)","(0, 2, 1)",26456.88568274291,26468.461276499274,86.00791247948095,121.92848295588863
"(0, 0, 0)","(1, 2, 1)",26452.98919722691,26470.352587861453,86.01036345338017,121.93291087821417
"(0, 1, 1)","(1, 1, 0)",22560.38661648817,22577.76490165062,86.0569979620812,121.94914503517685
"(1, 2, 1)","(0, 0, 0)",21719.20196116432,21736.606135125192,86.03769855583977,121.95609416133829
"(1, 1, 0)","(2, 1, 2)",21451.012283176446,21485.736575335355,86.11975608636172,121.9731564045441
"(1, 2, 2)","(1, 0, 1)",21619.894908057242,21654.67125590314,86.06662298497737,121.97641136301463
"(0, 2, 2)","(0, 0, 1)",21617.686039508026,21640.87027140529,86.07383419103961,121.98148473080644
"(2, 2, 1)","(0, 0, 0)",21720.55464100126,21743.760206282426,86.10512782736885,122.0034727344696
"(1, 2, 2)","(0, 0, 0)",21711.84668622037,21735.050614505402,86.11299466641749,122.00900260403276
"(1, 2, 2)","(0, 0, 1)",21618.136364771985,21647.116654643563,86.1592703115655,122.04153673750777
"(2, 1, 2)","(2, 2, 1)",22136.377618409046,22182.63340428452,86.31209872146141,122.06686876490107
"(1, 0, 0)","(2, 2, 1)",22166.044352596862,22194.95838891106,86.23479769678798,122.07539007375796
"(0, 2, 2)","(0, 0, 0)",21711.422097555027,21728.8250437688,86.21761379876209,122.08258023220198
"(0, 0, 1)","(1, 2, 1)",24808.239721944556,24831.389250050495,86.26433178187418,122.0891038051441
"(0, 1, 2)","(0, 1, 2)",21445.034593753277,21473.96735278542,86.29178350194492,122.1118389789141
"(2, 1, 1)","(2, 2, 1)",22134.767317712467,22175.24113035351,86.4294560045771,122.15146482125657
"(0, 0, 1)","(0, 2, 2)",24683.474627748677,24706.604189091027,86.36168219118314,122.1544944357974
"(1, 1, 2)","(2, 2, 1)",22143.69785938822,22184.17459173733,86.452052857101,122.16451530073515
"(1, 1, 1)","(2, 2, 1)",22142.176941346806,22176.87128336033,86.4657944081749,122.1748588959924
"(0, 0, 0)","(2, 2, 1)",26331.778662488585,26354.91155855393,86.36185874022266,122.18223217393248
"(2, 2, 2)","(0, 0, 0)",21714.75903231059,21743.76394266688,86.37151637132881,122.19094673066373
"(1, 0, 0)","(1, 2, 1)",22531.350108859275,22554.501296372,86.42875201007078,122.20069567912688
"(0, 0, 2)","(2, 2, 1)",23800.642412779267,23835.341756877282,86.38342265600978,122.20495756822551
"(0, 0, 1)","(0, 2, 1)",24840.426382780453,24857.788528859906,86.42320775810617,122.2219098321472
"(2, 2, 2)","(0, 0, 1)",21619.94741764014,21654.72376548604,86.44357865155995,122.24174067111606
"(0, 1, 0)","(2, 1, 2)",21554.12631765708,21583.063227789502,86.55155156882316,122.28214981867676
"(1, 0, 2)","(2, 2, 1)",22103.72580453829,22144.20545537817,86.53318374448448,122.2865736946499
"(2, 1, 2)","(0, 1, 2)",21447.613413612424,21488.119276257425,86.54997228694327,122.29301732936288
"(1, 2, 1)","(2, 1, 0)",22175.35791476872,22204.292749781795,86.63161491425657,122.30029845102219
"(0, 2, 1)","(0, 0, 0)",21832.443467195262,21844.046249835847,86.54411420547898,122.3126748175731
"(2, 1, 2)","(1, 1, 2)",21442.905960587632,21489.19837503906,86.59644035317694,122.31457710438661
"(1, 1, 2)","(1, 1, 2)",21441.23937029176,21481.745232936762,86.62081350631733,122.33201240161675
"(2, 0, 1)","(2, 2, 1)",22094.616524783632,22135.093257132743,86.60614379048963,122.33886342169606
"(0, 1, 2)","(2, 2, 1)",22151.361747116876,22186.058590693916,86.72894436007583,122.36376559763542
"(2, 0, 2)","(2, 2, 1)",22096.785465904417,22143.044588589117,86.64434801473986,122.36592661338346
"(2, 0, 0)","(2, 2, 1)",22092.820135145736,22127.51447715926,86.65959055349634,122.37688984198445
"(0, 1, 2)","(1, 1, 2)",21440.708856451944,21475.428167290516,86.70601796643953,122.39254477375995
"(1, 1, 2)","(0, 1, 2)",21445.91211181746,21480.63142265603,86.7203509920112,122.41312478144074
"(1, 0, 1)","(2, 2, 1)",22104.91573232821,22139.61257590525,86.7379735581547,122.43253131506017
"(0, 0, 1)","(2, 2, 1)",24708.57730599746,24737.49342607914,86.73786063777783,122.43876546532135
"(2, 1, 1)","(1, 1, 2)",21451.205761935133,21491.714530953435,86.83845291019765,122.486300069381
"(2, 2, 1)","(2, 1, 0)",22168.404357490523,22203.123668329095,86.90364112164914,122.49777999001529
"(0, 2, 1)","(2, 0, 1)",21657.131929082476,21686.093673703042,86.86284560627927,122.53796635679335
"(2, 1, 1)","(2, 1, 0)",22128.005112658546,22162.726914674236,86.91114681753929,122.55515930576937
"(0, 2, 1)","(2, 0, 0)",21655.544219291423,21678.713614987875,87.04086174566551,122.66411193279801
"(0, 2, 2)","(0, 0, 2)",21517.923134446384,21546.878681999435,87.05880007013522,122.6767412894871
"(1, 2, 2)","(0, 0, 2)",21518.23657110901,21552.98322817267,87.07259670641334,122.68652952741263
"(2, 2, 2)","(0, 0, 2)",21520.54654781933,21561.0843143936,87.08618160800201,122.69617344620922
"(2, 0, 0)","(1, 2, 1)",22454.04087212906,22482.97778226148,87.18796919095749,122.74474100160947
"(2, 0, 1)","(1, 2, 1)",22456.01376076638,22490.738052925288,87.22198922208185,122.76910784514152
"(2, 2, 0)","(0, 0, 2)",22346.15354156437,22375.11322134906,87.21150981348941,122.78519049300904
"(1, 0, 2)","(1, 2, 1)",22446.845006356474,22481.566808372165,87.28115394117616,122.81149623455194
"(0, 1, 1)","(1, 1, 2)",21447.66456415657,21476.599399169645,87.35940219759257,122.85587611125813
"(2, 1, 0)","(0, 1, 2)",21461.120971540324,21490.057881672747,87.34679354029919,122.85638797674589
"(2, 1, 0)","(1, 1, 2)",21456.904340848436,21491.628633007345,87.38663813712508,122.8754428171435
"(1, 1, 0)","(0, 1, 2)",21459.595722283313,21482.745250389253,87.3780384095292,122.87865968017455
"(1, 1, 1)","(1, 1, 2)",21448.401168488475,21483.122970504166,87.40246987765914,122.88654968932013
"(1, 1, 0)","(1, 1, 2)",21455.387369145355,21484.32427927778,87.41487671763743,122.89552557421752
"(0, 1, 1)","(2, 2, 1)",22150.05654265551,22178.97057896971,87.49579950612657,122.91744130227409
"(1, 0, 1)","(1, 2, 1)",22456.084107951436,22485.02101808386,87.46746247344676,122.9446621089852
"(0, 2, 2)","(2, 0, 0)",21543.773571262136,21572.735315882703,87.48193413081057,122.97755521677199
"(2, 1, 1)","(0, 1, 2)",21454.627253414932,21489.349055430623,87.63062949959063,123.05766221491754
"(0, 1, 0)","(1, 1, 2)",21559.18691314521,21582.33644125115,87.70331611759102,123.10411872989911
"(2, 1, 1)","(1, 1, 0)",22490.1718364385,22519.13151622319,87.75379390883467,123.15665146786027
"(1, 2, 2)","(2, 1, 0)",22256.418504745612,22291.140306761303,87.77786574111818,123.16083883397643
"(0, 1, 1)","(0, 1, 2)",21452.350741834358,21475.498609844817,87.79613588299009,123.17545765713388
"(1, 1, 0)","(1, 1, 1)",21555.891511601243,21579.060907297695,87.831575144142,123.20142127414027
"(1, 1, 0)","(0, 1, 1)",21553.989599636185,21571.366646408525,87.84003789718892,123.20748476541483
"(1, 1, 1)","(1, 1, 1)",21548.99139465644,21577.95107444113,87.84286699320936,123.20932275767517
"(2, 2, 1)","(0, 0, 2)",21526.84772292747,21561.59685984237,87.8147875798887,123.21517023815501
"(2, 1, 0)","(0, 1, 1)",21555.51262290878,21578.682018605232,87.85418518440848,123.21745985271988
"(1, 1, 1)","(0, 1, 1)",21547.077280458925,21570.245024286676,87.85476066324456,123.21782954090371
"(1, 2, 1)","(0, 0, 2)",21525.485319791416,21554.44293388717,87.82142810820726,123.21992540869236
"(0, 1, 1)","(1, 1, 1)",21548.340575359623,21571.508319187375,87.87213669689442,123.23005112192031
"(0, 1, 1)","(0, 1, 1)",21546.41536860913,21563.791176479943,87.88609842694119,123.240034948211
"(2, 1, 1)","(1, 1, 1)",21550.94185606307,21585.693471804698,87.91012895037868,123.25724410078243
"(2, 1, 0)","(1, 1, 1)",21549.189354457296,21578.149034241986,87.91600321715862,123.26149837108738
"(1, 1, 2)","(2, 1, 1)",21461.93899849119,21502.450672676583,87.9286157684305,123.2693098519926
"(1, 1, 1)","(0, 1, 2)",21453.06632558615,21482.001160599226,87.95941072522744,123.2919012857517
"(1, 2, 1)","(2, 0, 0)",21534.694497053046,21563.654176837736,87.93738800995342,123.30260055689786
"(0, 2, 1)","(0, 0, 2)",21638.762982567845,21661.929073844447,87.94269269217544,123.30651728306168
"(1, 2, 1)","(2, 0, 1)",21536.69025853894,21571.44187428057,87.95468005467407,123.31496814915761
"(1, 2, 2)","(2, 0, 0)",21535.919750972447,21570.671366714076,87.98852029799217,123.33917933113561
"(1, 2, 2)","(2, 0, 1)",21537.91377465613,21578.457326354695,88.01394079887459,123.35736983387476
"(0, 1, 1)","(2, 1, 1)",21468.621126690312,21497.560111081217,88.06585916506471,123.36728718216719
"(2, 2, 1)","(2, 0, 0)",21527.635093854275,21562.384230769178,88.0560852897306,123.3875315704442
"(0, 1, 2)","(2, 1, 1)",21469.523753383724,21504.250534652812,88.1225292828069,123.40782390622952
"(0, 1, 0)","(0, 1, 2)",21561.863738848006,21579.22588492746,88.14462332482046,123.42620391286019
"(2, 2, 1)","(2, 0, 1)",21529.563875605316,21570.10453533937,88.11486810447265,123.42963785847448
"(2, 2, 2)","(2, 0, 0)",21529.79677965951,21570.337439393566,88.12596850880503,123.43759666681008
"(1, 1, 2)","(1, 1, 1)",21542.13247103115,21576.881607946052,88.19501748933538,123.4606093132383
"(1, 1, 2)","(0, 1, 1)",21540.231941121743,21569.189555217497,88.20551554546462,123.46815175297588
"(2, 1, 1)","(0, 1, 1)",21549.068443779925,21578.028123564614,88.20694006520684,123.46913507821425
"(2, 2, 2)","(2, 0, 1)",21531.76236598198,21578.094548535188,88.17450742464786,123.47238095821687
"(2, 1, 2)","(1, 1, 1)",21543.832014895044,21584.3726746291,88.23968614570019,123.49247711515027
"(1, 1, 0)","(2, 1, 1)",21459.558792512988,21488.49570264541,88.24863587644849,123.49790155965748
"(1, 1, 1)","(2, 1, 1)",21461.03076729449,21495.7550594534,88.25933822910244,123.5054774262797
"(2, 1, 2)","(0, 1, 1)",21541.91333334092,21576.662470255822,88.27112738931758,123.51499444695146
"(2, 0, 1)","(1, 2, 0)",24237.246066929052,24266.182977061475,86.55926848023144,123.57109713621146
"(0, 1, 2)","(1, 1, 1)",21541.338907539914,21570.296521635668,88.42724293582367,123.62681031119706
"(2, 0, 2)","(1, 2, 0)",24137.126822946222,24171.85111510513,87.02814123618825,123.62738290331347
"(0, 2, 2)","(2, 1, 0)",22185.16038593502,22214.097296067444,88.50134421706699,123.64477824390066
"(0, 1, 2)","(0, 1, 1)",21539.429670093057,21562.59576136966,88.45358570820642,123.64572002575551
"(0, 1, 0)","(2, 1, 1)",21570.656209010827,21593.807396523553,88.47738701380347,123.66271338406698
"(2, 1, 0)","(2, 1, 1)",21453.00497594333,21487.726777959022,88.68490893280662,123.8100955894588
"(2, 1, 2)","(2, 1, 1)",21455.64837713114,21501.944113152058,88.70337542746492,123.82325546234512
"(0, 1, 0)","(1, 1, 1)",21659.676219246918,21677.05326601926,88.80500809730455,123.89812871657006
"(0, 1, 0)","(0, 1, 1)",21657.90775779655,21669.492455644777,88.83419748294645,123.91911212727553
"(2, 1, 1)","(2, 1, 1)",21454.4280374529,21494.936806471203,88.86464464616695,123.93896322468896
"(0, 0, 0)","(1, 2, 2)",26337.390610573217,26360.521839624576,88.68643246330514,123.96879686221094
"(0, 0, 1)","(2, 2, 2)",24707.605494781623,24742.299836795148,88.7899816087261,124.01993716572328
"(1, 0, 2)","(1, 2, 0)",24255.746269792315,24284.68525418322,87.1784174517446,124.17928775876867
"(0, 2, 0)","(1, 2, 0)",26624.079978829635,26635.654742882605,87.40260383686359,124.31836474902593
"(0, 1, 0)","(1, 2, 0)",24486.73939245107,24498.31498620743,87.4903339824199,124.43053321541915
"(1, 1, 0)","(1, 2, 0)",24361.637956683655,24379.000102763108,87.5413359288881,124.49613913556001
"(2, 0, 0)","(1, 2, 0)",24245.278449947957,24268.427978053896,87.67589658371024,124.67062644639311
"(1, 0, 0)","(1, 2, 0)",24315.044300398502,24332.407691033044,87.6917154479226,124.69127182927927
"(1, 2, 2)","(1, 2, 2)",23618.12766490375,23658.595634472666,93.2916704109764,124.92428136320508
"(2, 1, 0)","(0, 1, 0)",23304.984170973683,23322.374812002032,90.31447672978081,125.01705668325573
"(1, 1, 2)","(0, 1, 0)",23296.396180942214,23319.58205791456,90.39465875997813,125.07587622769115
"(1, 2, 0)","(0, 0, 2)",22703.76042807704,22726.92817190479,90.82212638405595,125.39406151185707
"(1, 2, 0)","(1, 0, 2)",22705.763306246427,22734.722986031116,90.90435926849447,125.45446147361275
"(2, 1, 2)","(0, 1, 0)",23297.501932747215,23326.484278962645,91.11371238607394,125.60333999497415
"(1, 2, 2)","(1, 1, 1)",21650.38709545293,21685.13375251659,91.43272685405468,125.72676639487419
"(2, 2, 0)","(2, 0, 0)",22338.239750365232,22367.197364460986,91.46760740013691,125.86814883179449
"(0, 0, 0)","(2, 2, 0)",27163.103205883148,27180.452877932155,88.67343926533543,126.00855549669672
"(2, 2, 0)","(1, 0, 0)",22441.47104343237,22464.656920404715,91.73880482106306,126.06874137060043
"(2, 2, 0)","(1, 0, 1)",22443.47449464981,22472.45684086524,91.85853259079299,126.15735081592754
"(2, 2, 0)","(0, 0, 1)",22449.729863739067,22472.917385110202,91.91424842794467,126.19861591044085
"(0, 0, 2)","(1, 2, 0)",25183.149119787646,25206.301966019033,90.16939273645983,126.53669904394098
"(0, 0, 1)","(2, 2, 0)",25551.141547987852,25574.274444053197,89.82811983848761,126.65125089964809
"(1, 1, 1)","(0, 1, 0)",23304.02582683738,23321.41646786573,92.6188835286017,126.71568365010835
"(0, 1, 2)","(0, 1, 0)",23295.432905486785,23312.822313216042,93.00370318485469,127.00246421100314
"(2, 2, 2)","(1, 1, 0)",22489.06896294016,22523.818099855063,94.02819529782542,127.8050375544721
"(1, 0, 1)","(1, 2, 0)",24257.09519080717,24280.246378319895,92.27809321529516,127.86289255033378
"(0, 1, 1)","(0, 1, 0)",23302.26411848781,23313.857879173374,94.64963986165924,128.2391806188735
"(2, 1, 1)","(1, 2, 0)",24244.80930224143,24273.744137254504,92.80805142038906,128.35775878961672
"(1, 2, 2)","(1, 0, 2)",21517.198421776484,21557.736188350755,95.06177961073726,128.5926399128702
"(0, 0, 0)","(1, 2, 0)",27448.481221216305,27460.057644332,92.01875873249372,131.33927225883858
"(1, 2, 0)","(2, 0, 0)",22704.58168157634,22727.74942540409,99.09382561489805,131.6691356059884
"(1, 2, 0)","(1, 0, 0)",22809.257674044915,22826.648315073264,99.27961695184928,131.81552728562266
"(1, 2, 0)","(0, 0, 1)",22809.243774481038,22826.634415509387,100.00104338887832,132.38221164934328
"(1, 2, 0)","(1, 0, 1)",22811.208302576073,22834.39582394721,101.53757427374826,133.59841550594203
"(0, 0, 1)","(1, 2, 0)",25937.650048830248,25955.01468350379,96.03640439624465,133.73904888513772
"(1, 0, 0)","(2, 2, 2)",21749.25370913486,21783.9505527119,102.71214507363332,134.94339444885725
"(1, 1, 0)","(1, 2, 1)",22519.557287535496,22542.706815641435,102.91210047551783,134.99786965273893
"(2, 0, 2)","(0, 2, 2)",21516.73297939945,21557.20679204049,102.53550262823501,135.61671078557526
"(1, 2, 1)","(1, 1, 0)",22555.639085002324,22578.806828830075,103.85106368727034,135.79383165351183
"(0, 1, 0)","(1, 2, 1)",22618.415047186732,22635.777193266185,103.97420165095879,135.90959687254255
"(1, 2, 1)","(0, 2, 1)",23156.6251786341,23179.771385859818,104.02740085006255,135.9728887447678
"(2, 2, 2)","(0, 2, 1)",23047.64186266672,23082.358681293415,105.06420309412421,136.7356563100829
"(0, 2, 1)","(1, 1, 0)",22663.93193282541,22681.30897959775,105.27111265578706,137.01820084205073
"(1, 0, 2)","(1, 2, 2)",21470.269383150466,21510.743195791507,104.20104722034823,137.26775677390557
"(2, 1, 0)","(1, 2, 1)",22510.238117796525,22539.1729528096,105.68545390726504,137.30814430907287
"(2, 1, 2)","(1, 2, 1)",22504.276767473963,22544.782630118963,105.74682956764681,137.35303232540835
"(1, 1, 2)","(1, 2, 1)",22502.44198541702,22537.161296255592,105.80720249453688,137.40028764817498
"(0, 1, 2)","(1, 2, 1)",22500.457517931194,22529.39027696334,105.95017224192523,137.5218503576135
"(1, 1, 1)","(1, 2, 1)",22509.6922632726,22538.627098285673,106.30237412235842,137.8288208232081
"(1, 1, 1)","(1, 2, 0)",24313.431142373585,24336.580670479525,104.98442514659732,138.06725106629347
"(2, 2, 1)","(1, 1, 0)",22546.43857059934,22575.396184695095,106.58561641605615,138.0845723240593
"(0, 1, 1)","(1, 2, 1)",22507.78676798464,22530.934635995098,106.80135755721909,138.24925135808778
"(1, 2, 2)","(1, 1, 0)",22554.885596188076,22583.845275972766,106.86192300139615,138.31220676391254
"(0, 2, 2)","(1, 1, 0)",22562.30730278542,22585.47669848187,107.37859833148609,138.74829643799276
"(0, 2, 1)","(0, 2, 1)",23276.697840740537,23294.05749615982,112.08005966441195,143.20167095540876
"(2, 2, 1)","(1, 2, 0)",24348.626582681667,24377.55934171381,111.95870506913928,145.184192480799
"(2, 2, 1)","(0, 2, 1)",23155.863113948886,23184.79587298103,116.49557863692151,146.90537349827758
"(0, 2, 0)","(1, 0, 2)",23786.431299895296,23809.599043723047,119.83480868965188,148.81175599408158
"(1, 1, 1)","(0, 2, 2)",21492.597984130873,21521.507850303045,121.6176273284978,150.96127049274233
"(0, 1, 2)","(0, 2, 2)",21474.33473139739,21503.242511193566,121.82806357638306,151.2033636201784
"(1, 1, 0)","(1, 2, 2)",21491.200199326664,21520.1121510046,121.85612519461876,151.21261266046827
"(1, 1, 2)","(2, 2, 2)",21479.15201697737,21525.404464651252,121.8592881731935,151.2181595405134
"(1, 1, 1)","(2, 2, 2)",21486.52855272698,21527.002365368022,121.87491447430871,151.23169299605178
"(2, 1, 0)","(1, 2, 2)",21492.66660998275,21527.360951996274,121.881434619841,151.23242349940034
"(2, 1, 1)","(0, 2, 2)",21485.397591976565,21520.08943138317,121.87034527033464,151.2361415814232
"(1, 1, 2)","(0, 2, 2)",21476.583306700268,21511.27264245568,121.87689710161321,151.24480584154966
"(1, 1, 0)","(0, 2, 2)",21489.223677707767,21512.353239050117,121.901707536098,151.25685791282118
"(2, 1, 0)","(2, 2, 2)",21485.763398041294,21526.237210682335,121.91512210750616,151.27240076110172
"(2, 1, 0)","(0, 2, 2)",21490.677265768463,21519.5892174464,121.9312369228261,151.28607731985468
"(0, 1, 1)","(1, 2, 2)",21482.961381996214,21511.871248168387,122.04403467030328,151.38544963279597
"(0, 1, 1)","(2, 2, 2)",21484.758185039846,21519.45002444645,122.1050097584193,151.4437937275144
"(0, 1, 1)","(0, 2, 2)",21480.975075894996,21504.102968832733,122.13290601899364,151.4709448586767
"(1, 1, 2)","(1, 2, 2)",21478.16914253432,21518.64003424897,122.19802590431279,151.53865921001477
"(1, 1, 0)","(2, 2, 2)",21493.026860141075,21527.7212021546,122.4397203162363,151.7351504482189
"(1, 1, 1)","(1, 2, 2)",21483.805870292876,21518.49770969948,122.44620758626024,151.77272432602373
"(2, 1, 2)","(1, 2, 2)",21505.73267805523,21551.985125729112,123.00028657790251,152.25781052443915
"(2, 1, 2)","(2, 2, 2)",21524.072057754856,21576.106061387974,123.57214957098591,152.82485161601346
"(0, 2, 2)","(0, 2, 1)",23143.63157062975,23166.776116380883,123.05523986738562,152.95430303212345
"(0, 1, 2)","(1, 2, 2)",21476.481570794014,21511.170906549425,123.96325236228628,153.12871407429157
"(0, 2, 0)","(2, 0, 1)",23795.31694004044,23818.486335736892,123.0915121834293,153.38920111112847
"(0, 1, 0)","(0, 2, 2)",21591.51554897101,21608.86271997777,124.68966423702688,153.65826141200463
"(0, 1, 0)","(1, 2, 2)",21593.40347497261,21616.53303631496,124.86005601472365,153.80461690950713
"(2, 1, 2)","(0, 2, 2)",21478.070519777575,21518.541411492224,126.77248784317331,155.83936384824537
"(0, 0, 2)","(2, 2, 0)",24685.478669132135,24714.394789213817,105.49937007300566,155.94494688227948
"(0, 1, 2)","(2, 2, 2)",21499.26918788284,21539.74007959749,129.05467548961792,157.80387813111003
"(1, 2, 2)","(0, 1, 2)",21581.124491168037,21615.841309794734,127.68084653337637,157.83908058072927
"(2, 0, 2)","(0, 2, 0)",25563.030111769942,25591.98979155463,102.17512515189206,158.82230348515435
"(2, 1, 1)","(1, 2, 1)",22463.098572758965,22497.820374774656,130.74988511354468,159.0627189259061
"(1, 2, 0)","(2, 0, 2)",22699.038721588302,22733.79033732993,127.96072922468605,159.79685958232872
"(1, 0, 2)","(0, 2, 0)",25653.104194526462,25676.271938354213,100.34136792754217,160.70438985475525
"(2, 0, 1)","(0, 2, 0)",25665.012973763907,25688.18236946036,101.29109275408786,161.4344125224321
"(1, 2, 1)","(1, 1, 2)",21453.25522168204,21487.974532520613,135.47962032425468,163.3076508568806
"(2, 2, 1)","(1, 1, 2)",21454.785163806704,21495.291026451705,135.5382314583482,163.3628780952946
"(0, 2, 2)","(1, 1, 2)",21445.505596713017,21480.222415339715,135.59896998423946,163.4197646817926
"(2, 2, 1)","(2, 1, 1)",21461.747511604073,21502.253374249074,135.9340171106448,163.6234860737262
"(1, 2, 2)","(0, 1, 1)",21699.07455982656,21728.03010737961,136.20848868818987,164.46992743806462
"(1, 2, 1)","(2, 1, 2)",21450.141318206937,21490.647180851938,136.76488094210384,164.58326622168323
"(2, 2, 1)","(2, 1, 2)",21451.81619933345,21498.10861378488,136.7812622419989,164.59814036906806
"(2, 2, 2)","(1, 1, 2)",21449.031056109263,21495.32014761153,137.09449825717323,164.83425790269177
"(1, 2, 2)","(2, 1, 2)",21444.118148763686,21490.40724026595,137.3406345980679,165.10804490209574
"(0, 2, 1)","(1, 1, 2)",21556.92397931934,21585.856738351486,137.5115965608105,165.15502651981924
"(2, 2, 2)","(0, 1, 2)",21454.273555017782,21494.776510082265,137.60406852082792,165.2090436715531
"(0, 2, 2)","(2, 1, 2)",21442.92017574732,21483.423130811803,137.4815123607832,165.26220214716452
"(2, 2, 2)","(2, 1, 2)",21445.59382983904,21497.669057779087,137.5207855019984,165.299670592502
"(2, 2, 2)","(1, 1, 1)",21550.650302764247,21591.188069338517,137.72504358465872,165.32929638421825
"(0, 2, 2)","(0, 1, 1)",21544.779820691096,21567.944258733536,137.9343568973392,165.53003105044567
"(2, 2, 2)","(0, 1, 1)",21547.372981038556,21582.119638102216,137.94198625612407,165.53716496826516
"(0, 2, 2)","(1, 1, 1)",21546.7697379179,21575.72528547095,137.97299471726672,165.56660708405965
"(2, 2, 1)","(0, 1, 1)",21554.369858317415,21583.32747241317,138.05157145225763,165.6406341005889
"(2, 2, 1)","(1, 1, 1)",21556.359415745956,21591.10855266086,138.10406059607138,165.69029921928788
"(1, 2, 1)","(0, 1, 1)",21552.830262735486,21575.996354012088,138.13405441554588,165.71766984164634
"(0, 2, 0)","(0, 2, 0)",28162.8635040999,28168.65544005684,106.74509802664292,165.73973611152726
"(1, 0, 0)","(0, 2, 0)",25725.447983309154,25737.033506750788,106.74509803921525,165.73973612479006
"(2, 0, 0)","(0, 2, 0)",25666.52469557657,25683.90174234891,106.74509803922344,165.7397361247985
"(0, 0, 0)","(0, 2, 0)",28082.056384160886,28087.8491458817,106.7450980392152,165.73973612480046
"(0, 1, 0)","(0, 2, 0)",25984.021917461032,25989.814266385147,106.74509803921829,165.73973612480404
"(1, 1, 0)","(0, 2, 0)",25848.475983855307,25860.060681703533,106.74509803935098,165.73973612489513
"(1, 2, 1)","(1, 1, 1)",21554.81891875057,21583.776532846325,138.17774102338058,165.75903885970004
"(0, 2, 1)","(2, 1, 2)",21554.456041053843,21589.175351892416,138.12284625288865,165.85075483638653
"(0, 2, 1)","(0, 1, 1)",21656.481826508632,21673.856394966086,138.39778202076883,165.89498348409955
"(2, 1, 1)","(0, 2, 1)",23055.073222782667,23084.00805779574,138.15299672113733,165.97363264805816
"(0, 2, 1)","(1, 1, 1)",21658.44420669587,21681.61029797247,138.54854760458295,166.03789367345817
"(0, 2, 2)","(0, 1, 2)",21451.317510081666,21480.24819227058,138.7994388271555,166.34776171047127
"(0, 2, 2)","(1, 2, 0)",24365.29300062474,24388.44252873068,137.25230597914063,166.6128226327536
"(2, 2, 2)","(2, 1, 1)",21464.152179669865,21510.444594121294,139.44488550739814,166.96083064135425
"(1, 2, 1)","(0, 1, 2)",21458.542172925656,21487.4749319578,139.89316298545816,167.38765308500652
"(2, 2, 1)","(0, 1, 2)",21460.063778975975,21494.783089814548,139.90287631732411,167.3985660008863
"(1, 2, 1)","(2, 1, 1)",21468.317713806875,21503.039515822566,140.05909315534294,167.54617009308296
"(0, 2, 1)","(0, 1, 2)",21560.747081075544,21583.89328830126,140.7382640871685,168.1192792651808
"(0, 2, 2)","(2, 1, 1)",21476.998046416782,21511.72233857569,141.0833620668664,168.52816458039015
"(1, 0, 1)","(0, 2, 0)",25673.33449382636,25690.711540598702,111.99699259267986,168.84858602112092
"(2, 1, 1)","(0, 2, 0)",25663.908511801546,25687.076255629298,111.34011791912533,169.00255721056658
"(0, 2, 1)","(2, 1, 1)",21578.591478300477,21607.5283884329,141.9659938186071,169.29433247090043
"(1, 2, 2)","(2, 1, 1)",21605.370310181475,21645.879079199778,142.3700882213574,169.6988901754279
"(0, 0, 2)","(0, 2, 0)",26183.284588612376,26200.66039648319,111.68177314054816,169.94040166105796
"(0, 2, 0)","(2, 0, 2)",23787.937072640078,23816.896752424767,138.29479937370994,173.8595852377562
"(0, 0, 1)","(0, 2, 0)",26810.208366049512,26821.793063897738,116.0349188573377,173.97095792259574
"(2, 1, 1)","(2, 2, 2)",21494.209833332934,21540.465619208408,161.322331662126,189.1767346706408
"(0, 2, 1)","(2, 2, 2)",21600.84548831,21635.53482406541,161.61096039350772,189.56781554333008
"(2, 0, 2)","(2, 2, 0)",23225.650520280735,23266.127252629845,150.69687101169436,193.6755643774861
"(1, 2, 1)","(1, 2, 0)",24361.84251722329,24384.99038523375,142.5755223506358,197.96798257913304
"(2, 0, 1)","(2, 2, 0)",23326.642486443547,23361.33682845707,160.56686615630397,205.00230552366986
"(0, 2, 1)","(1, 2, 0)",24487.32615218802,24504.688298267472,163.30892123348931,232.90273030681084
"(2, 2, 2)","(1, 2, 0)",24232.57076753942,24267.29007837799,192.77406160144173,232.98074277755794
"(0, 1, 0)","(2, 2, 2)",21693.390155221008,21722.302106898944,232.43543270172665,266.4378969930739
"(1, 2, 2)","(2, 2, 2)",23098.73528083041,23144.984388909168,236.13279358040987,272.21478186874214
"(2, 1, 1)","(1, 2, 2)",23032.722267540958,23073.196080182,238.76357584959914,273.7271828368268
"(2, 2, 0)","(2, 1, 2)",22248.91800674467,22289.42386938967,252.15047415364987,280.495818121522
"(0, 2, 1)","(0, 2, 2)",21601.50159994256,21624.6278237795,253.03983455829658,290.1292194208176
"(1, 1, 2)","(1, 2, 0)",24358.834727132562,24387.771637264985,242.83217324772508,290.64194674100975
"(2, 1, 0)","(1, 2, 0)",24348.842333297485,24371.990201307945,246.6605264109945,295.32797633268495
"(2, 2, 0)","(0, 2, 2)",22293.54487086488,22322.454737037053,269.5822703935822,308.0727576417849
"(0, 1, 1)","(1, 2, 0)",24364.147636551956,24381.511027186498,258.7833035710996,310.3912046956662
"(0, 2, 1)","(1, 2, 2)",21713.675527445826,21742.583307242003,271.4273398677421,311.10839236262365
"(2, 1, 2)","(1, 2, 0)",24351.7836782629,24386.50548027859,260.2831842641433,312.26991588804947
"(1, 2, 1)","(2, 2, 2)",21508.551582937573,21549.02247465222,274.8155857813063,316.1338339573318
"(0, 1, 2)","(1, 2, 0)",24366.139414973863,24389.290602486588,263.6002464276696,316.39195345429226
"(2, 2, 0)","(1, 2, 2)",22295.103117841478,22329.794957248083,284.82548438590425,325.60457540182574
"(1, 2, 2)","(0, 2, 1)",23904.265338968093,23933.196021157008,307.6445064204507,377.23028134439636
"(1, 2, 0)","(1, 1, 2)",22610.97298527255,22639.907820285625,349.18423332483667,385.9303731580668
"(0, 2, 2)","(1, 2, 2)",21544.326772965534,21579.013604024603,339.0929049492685,391.3019296498592
"(2, 2, 0)","(2, 1, 1)",22256.011300542275,22290.730611380848,356.07117404960815,394.7306063577234
"(2, 2, 2)","(2, 2, 2)",22611.91341578095,22663.943662369555,356.9560007756912,413.3105334974361
"(0, 2, 2)","(2, 2, 2)",21779.26681503362,21819.734784602537,363.66228505871624,420.59751965373425
"(2, 2, 0)","(1, 1, 2)",22267.157021605264,22301.878823620955,380.22175571477686,425.44469766133017
"(2, 2, 1)","(1, 2, 2)",21553.17259852383,21593.64349023848,372.68813553878937,433.1849065976863
"(2, 2, 0)","(0, 1, 1)",22366.09859842973,22389.26634225748,387.7013703096457,435.487986595427
"(2, 1, 0)","(0, 2, 0)",25837.477577260557,25854.85338513137,377.65751835848687,467.8516908360207
"(2, 2, 0)","(1, 1, 1)",22358.330565826887,22387.28817992264,415.3029920478515,468.9474575248612
"(2, 2, 2)","(0, 2, 2)",21531.590775856333,21572.05874542525,403.95701255174396,472.2988336731401
"(1, 1, 2)","(0, 2, 0)",25826.953764189017,25850.11985546562,382.3512804584621,473.93906743782634
"(1, 0, 0)","(2, 2, 0)",23404.22675549586,23427.35798454722,386.94268212177167,488.0064543616346
"(2, 1, 2)","(0, 2, 0)",25827.64634774504,25856.603961840796,412.82514742961433,512.9670445343176
"(1, 2, 1)","(1, 2, 2)",24022.376255704556,24057.065591459967,448.5673098549039,527.5970873438408
"(2, 2, 0)","(0, 1, 2)",22265.262521332486,22294.19735634556,477.2622451324547,545.6810486597451
"(1, 1, 1)","(0, 2, 0)",25836.248887927723,25853.624695798535,476.3385438575261,594.2006803251437
"(0, 1, 2)","(0, 2, 0)",25826.42436770418,25843.798936161635,493.8532158034668,616.825605304196
"(1, 2, 0)","(2, 1, 1)",22610.54274480649,22639.477579819566,565.2121715939531,635.4926303520339
"(2, 0, 0)","(2, 2, 0)",23335.985663767817,23364.897615445752,525.472579586384,641.0521602522554
"(1, 0, 2)","(2, 2, 0)",23346.976714038126,23381.673557615166,525.9701483613751,641.5676681602877
"(2, 0, 2)","(1, 2, 2)",22814.213798964513,22860.469584839986,556.7910911320915,644.2541998005654
"(1, 0, 1)","(2, 2, 0)",23346.403597721604,23375.317634035804,548.7563951437099,667.3745065184563
"(0, 1, 1)","(0, 2, 0)",25834.555029280993,25846.13890119487,556.8529311591939,698.5847015323139
"(1, 2, 0)","(0, 2, 2)",22640.132550618022,22663.26044355576,618.6643337149362,702.8839813901659
"(1, 2, 0)","(1, 2, 2)",22641.414884014834,22670.324750187006,622.6629216116943,705.7569942901926
"(2, 2, 0)","(2, 2, 2)",22302.13488054613,22342.60577226078,607.9397343376468,725.5044077692252
"(1, 2, 0)","(0, 1, 1)",22714.803841712965,22732.179649583777,639.3073687929492,734.7067469135919
"(1, 2, 0)","(1, 1, 1)",22715.75675100738,22738.92449483513,658.4704934331321,756.7091569907435
"(1, 2, 0)","(0, 1, 2)",22612.125789266247,22635.273657276706,691.6458710142894,796.4681941423994
"(2, 2, 1)","(2, 2, 2)",23277.49229808499,23323.744745758875,651.6685956695798,802.8415187428126
"(1, 2, 0)","(2, 1, 2)",22628.20534454904,22662.92714656473,774.0325581511213,898.7308729958526
"(1, 2, 1)","(0, 2, 2)",22085.227266220958,22114.135046017134,788.6976129258676,964.3704421300259
"(1, 2, 1)","(0, 2, 0)",25837.261946232895,25854.636514690348,708.3867767650911,988.0439634753568
"(0, 2, 1)","(0, 2, 0)",25972.2900787354,25983.873124373702,819.4559675128986,1152.8352554973674
"(1, 2, 0)","(2, 2, 2)",22677.50420709521,22712.196046501816,1094.084482920141,1280.9281694674025
"(0, 2, 0)","(2, 1, 2)",23666.069145242684,23695.00398025576,1140.2098221035797,1312.9859757887882
"(0, 2, 0)","(2, 2, 1)",24300.09060832713,24323.22016966948,893.489621148228,1338.4695497698365
"(1, 2, 2)","(1, 2, 1)",23579.061496783288,23613.778315409985,1048.214309531514,1350.969798321635
"(2, 2, 1)","(0, 2, 0)",25836.465245912048,25859.63133718865,1010.7999166071415,1391.058427016566
"(0, 2, 0)","(0, 1, 1)",23783.96094638613,23795.544818300008,1260.1001036356986,1436.13052098268
"(0, 2, 0)","(1, 1, 1)",23784.69616512797,23802.071972998783,1278.7288403233977,1459.951980011539
"(0, 2, 2)","(0, 2, 2)",23198.825056544803,23227.73074909403,1211.6591161153606,1529.5070134837429
"(1, 2, 2)","(0, 2, 0)",25825.256577217307,25848.421015259748,1118.3045017122786,1534.6358268451052
"(0, 2, 0)","(1, 1, 2)",23675.129332208257,23698.277200218716,1345.2390257611178,1560.1946493443515
"(0, 2, 0)","(0, 1, 2)",23673.375803669813,23690.736704677656,1366.9183328811343,1574.7498507620958
"(0, 2, 2)","(0, 2, 0)",25823.57402718158,25840.94735571341,1211.2106024370082,1659.0277129472838
"(0, 2, 0)","(2, 1, 1)",23683.60484290195,23706.75437100789,1442.4520952850971,1672.2209322307629
"(2, 2, 2)","(0, 2, 0)",25652.308884045357,25681.264431598407,1332.28641239153,1836.4858142223243
"(0, 2, 0)","(1, 2, 1)",24722.474925013918,24739.83582602176,1278.7301576536333,1888.947726976803
"(2, 2, 0)","(2, 2, 1)",22920.007292452214,22954.696628207625,1950.7052455502646,2584.317614650624
"(2, 2, 0)","(2, 1, 0)",22958.544411657218,22987.477170689363,2007.1037698619728,2694.574062762871
"(2, 2, 1)","(0, 2, 2)",21879.226234052836,21913.915569808247,2378.293144758199,3192.009847146024
"(0, 2, 0)","(0, 2, 2)",23695.529653691712,23712.875573395017,2700.7234090611673,3217.5692854593867
"(0, 2, 0)","(2, 2, 2)",23698.4585349868,23727.368401158972,2723.687656348733,3246.713358461589
"(0, 2, 0)","(1, 2, 2)",23696.514345099295,23719.64223803703,2725.213260436604,3248.6980385555394
"(1, 2, 2)","(2, 2, 0)",23422.6442272319,23457.336066638505,2142.8028909515087,3259.116621461427
"(0, 2, 0)","(0, 2, 1)",25424.37386550075,25435.947799505982,2922.489973136371,4355.950303618535
"(2, 2, 1)","(2, 2, 1)",23205.522752987985,23245.993644702634,3334.9722276990633,4417.530754651895
"(1, 2, 0)","(2, 1, 0)",23308.147695773212,23331.29556378367,3662.0288882324694,4894.551667720036
"(1, 2, 0)","(2, 2, 1)",23268.57490595252,23297.48477212469,3737.0018715666897,4960.44550845181
"(2, 2, 0)","(1, 1, 0)",23367.598974154935,23390.765065431537,3970.546276607267,5322.635404846483
"(2, 2, 0)","(1, 2, 1)",23327.47535840488,23356.408117437026,5281.119768066468,7242.621182035188
"(1, 2, 0)","(1, 1, 0)",23741.10905230841,23758.484860179222,7507.516083622205,10033.170815320382
"(2, 1, 2)","(2, 2, 0)",23401.49917231197,23441.972984953012,8833.435798614319,11698.392871904836
"(2, 1, 1)","(2, 2, 0)",23400.43456301743,23435.126402424034,8835.40990858622,11700.997424064626
"(1, 1, 1)","(2, 2, 0)",23408.06841984198,23436.980371519916,8858.412256345177,11731.481478174132
"(0, 1, 2)","(2, 2, 0)",23416.91249448553,23445.826530799728,8863.833127712252,11738.637163289239
"(0, 1, 1)","(2, 2, 0)",23414.964307889448,23438.095536940808,8878.487867367887,11757.98082268555
"(1, 1, 2)","(2, 2, 0)",23409.963176762583,23444.65751877611,8896.922381429207,11782.303825504392
"(1, 2, 0)","(1, 2, 1)",23699.8152992538,23722.96316726426,8735.093166050405,11811.344167109659
"(2, 1, 0)","(2, 2, 0)",23400.643022010456,23429.55288818263,8934.652757150936,11832.098244871286
"(1, 1, 0)","(2, 2, 0)",23409.86225512647,23432.99181646882,9051.272444924118,11985.891009303963
"(0, 1, 0)","(2, 2, 0)",23510.34018145729,23527.68860324581,9692.940953979536,12831.542701201637
"(2, 2, 2)","(2, 2, 0)",23318.486563068436,23358.957454783085,9704.728405558892,13008.87989042242
"(0, 2, 2)","(2, 2, 0)",23416.415989355963,23445.3279410339,9965.130912009998,13352.622661196861
"(2, 2, 1)","(2, 2, 0)",23400.703583117545,23435.392918872956,10021.22052192814,13426.854698099849
"(1, 2, 1)","(2, 2, 0)",23410.320670389785,23439.230536561958,10146.975136027759,13594.085091649902
"(0, 2, 1)","(2, 2, 0)",23511.30276872868,23534.43233007103,10816.806594008869,14481.186728172785
"(2, 2, 2)","(1, 2, 2)",23012.760674623096,23059.009782701854,10475.659466384664,14760.519048042654
"(2, 2, 0)","(0, 1, 0)",24157.389758448004,24174.77916617726,12034.824789920614,16114.186050747718
"(2, 2, 0)","(0, 2, 1)",24001.655676126727,24024.803544137187,13681.357646973256,18556.608242972554
"(1, 2, 0)","(0, 1, 0)",24526.6074127943,24538.201173479865,22091.287376988985,29525.856993585952
"(1, 2, 0)","(0, 2, 1)",24360.143794409865,24377.50469541771,24629.3892140666,33279.009432137056
"(1, 2, 2)","(0, 2, 2)",22598.00329397525,22632.690125034318,64301.88394643949,123610.2725268974
"(2, 2, 0)","(1, 2, 0)",25196.334757213408,25219.480964439124,129547.71718570651,193301.29388815974
"(1, 2, 0)","(1, 2, 0)",25584.27379082088,25601.634691828724,245997.2288770614,366841.80389192404
"(2, 2, 0)","(2, 2, 0)",24232.805601083266,24261.713380879442,285542.4202128495,422633.7641894645
"(2, 2, 0)","(0, 2, 0)",26697.786968329863,26715.161536787316,328730.70303667226,492170.81301192276
"(1, 2, 0)","(2, 2, 0)",24579.564066010214,24602.69195894795,406549.3020677102,602284.879154685
"(0, 2, 0)","(2, 2, 0)",25590.807084948166,25608.154255954927,588501.9620637139,872478.1226533861
"(1, 2, 0)","(0, 2, 0)",27064.251194461125,27075.835066375002,597063.892253153,893508.5749713946
